date,1. open,2. high,3. low,4. close,5. volume
2020-01-31,32.2,32.325,31.85,32.03,3968506.0
2020-01-30,31.74,32.495,31.69,32.45,4338968.0
2020-01-29,31.93,32.48,31.9,32.25,2757498.0
2020-01-28,31.67,32.095,31.53,31.75,3587719.0
2020-01-27,31.44,31.555,31.235,31.36,4133256.0
2020-01-24,32.69,32.7,31.89,32.14,4704701.0
2020-01-23,32.27,32.73,31.83,32.7,6539652.0
2020-01-22,31.82,32.37,31.32,32.31,7543530.0
2020-01-21,30.2,30.84,30.14,30.26,9161133.0
2020-01-17,30.92,30.92,30.42,30.45,3930351.0
2020-01-16,30.53,30.77,30.46,30.76,3909769.0
2020-01-15,30.25,30.5,29.97,30.33,2698633.0
2020-01-14,29.88,30.54,29.8,30.25,3122193.0
2020-01-13,29.95,30.02,29.705,30.01,3307023.0
2020-01-10,30.17,30.31,29.865,29.95,3042634.0
2020-01-09,30.48,30.59,30.03,30.23,4185282.0
2020-01-08,29.79,30.59,29.79,30.28,4044331.0
2020-01-07,29.81,30.01,29.54,29.72,4205179.0
2020-01-06,30.2,30.27,29.86,29.99,4636720.0
2020-01-03,30.25,30.52,30.12,30.39,1929565.0
2020-01-02,30.7,30.79,30.42,30.72,3088975.0
2019-12-31,30.28,30.69,30.28,30.56,1832421.0
2019-12-30,30.64,30.75,30.28,30.36,2243112.0
2019-12-27,30.71,30.84,30.57,30.59,1776182.0
2019-12-26,30.72,30.9,30.49,30.72,3335489.0
2019-12-24,30.97,31.1,30.64,30.69,1757874.0
2019-12-23,30.85,31.055,30.735,30.8,3678179.0
2019-12-20,31.57,31.7,30.76,30.81,7744018.0
2019-12-19,31.39,31.665,31.32,31.36,2813134.0
2019-12-18,31.79,31.855,31.31,31.34,3402895.0
2019-12-17,31.47,31.955,31.37,31.75,4421712.0
2019-12-16,31.72,31.945,31.32,31.33,3849875.0
2019-12-13,31.92,32.248,31.445,31.46,2203811.0
2019-12-12,31.4,32.12,31.4,31.92,3038590.0
2019-12-11,31.41,31.59,31.34,31.52,1760851.0
2019-12-10,31.4,31.635,31.36,31.38,1725342.0
2019-12-09,31.66,31.81,31.54,31.6,1914540.0
2019-12-06,31.63,31.875,31.56,31.66,2005711.0
2019-12-05,31.18,31.45,31.05,31.19,2138293.0
2019-12-04,31.07,31.41,31.0,31.07,3264819.0
2019-12-03,31.17,31.25,30.41,30.96,3277580.0
2019-12-02,31.99,32.06,31.44,31.51,2432300.0
2019-11-29,32.01,32.21,31.81,31.84,1976372.0
2019-11-27,31.77,32.25,31.69,32.2,3548462.0
2019-11-26,32.18,32.3669,31.515,31.72,3826813.0
2019-11-25,32.15,32.41,31.53,32.32,6293861.0
2019-11-22,30.84,32.29,30.79,32.23,10070726.0
2019-11-21,30.88,31.0,30.64,30.7,3565491.0
2019-11-20,30.76,31.02,30.65,30.81,4123783.0
2019-11-19,30.73,30.95,30.51,30.73,3241445.0
2019-11-18,30.79,30.85,30.255,30.68,3251212.0
2019-11-15,31.04,31.29,30.75,30.87,2706085.0
2019-11-14,30.6,30.99,30.56,30.84,2823372.0
2019-11-13,30.83,30.97,30.66,30.68,2308141.0
2019-11-12,31.4,31.58,31.12,31.15,2873024.0
2019-11-11,31.26,31.62,31.25,31.41,1545346.0
2019-11-08,31.59,31.71,31.22,31.56,2231752.0
2019-11-07,32.1,32.47,31.76,31.8,4029375.0
2019-11-06,32.49,32.49,31.82,31.9,2902541.0
2019-11-05,31.98,32.74,31.98,32.52,5482186.0
2019-11-04,31.53,31.92,31.5,31.89,4612402.0
2019-11-01,30.9,31.32,30.9,31.25,1761455.0
2019-10-31,30.87,31.01,30.395,30.63,2234060.0
2019-10-30,31.27,31.27,30.79,31.21,2306355.0
2019-10-29,31.2,31.605,31.095,31.2,2055557.0
2019-10-28,31.0,31.34,30.99,31.3,2525089.0
2019-10-25,30.38,30.995,30.38,30.82,2122313.0
2019-10-24,30.8,30.98,30.42,30.54,3369836.0
2019-10-23,30.66,30.865,30.605,30.81,3361821.0
2019-10-22,30.77,31.105,30.55,30.85,3314208.0
2019-10-21,30.38,30.92,30.38,30.69,4699178.0
2019-10-18,30.35,30.53,30.185,30.29,3682866.0
2019-10-17,30.79,31.05,30.2,30.53,6968303.0
2019-10-16,31.99,31.99,30.26,30.63,10364486.0
2019-10-15,31.43,32.3,31.36,32.02,5941290.0
2019-10-14,31.2,31.44,31.09,31.34,2274515.0
2019-10-11,31.32,31.825,31.31,31.32,4456891.0
2019-10-10,30.52,30.95,30.51,30.88,4658704.0
2019-10-09,30.38,30.58,30.165,30.45,3799518.0
2019-10-08,30.93,30.97,30.12,30.12,5474614.0
2019-10-07,31.64,31.73,31.31,31.41,6052323.0
2019-10-04,31.52,31.82,31.33,31.8,3192370.0
2019-10-03,31.39,31.57,30.92,31.52,4174586.0
2019-10-02,32.14,32.14,31.1,31.45,6248392.0
2019-10-01,33.43,33.73,32.31,32.47,3564432.0
2019-09-30,33.51,33.65,33.12,33.16,3200730.0
2019-09-27,33.77,33.8,33.3,33.55,2678206.0
2019-09-26,33.76,33.91,33.45,33.5,2016847.0
2019-09-25,33.62,34.05,33.51,33.88,2075462.0
2019-09-24,34.01,34.335,33.53,33.74,4015971.0
2019-09-23,33.47,33.955,33.32,33.77,3402494.0
2019-09-20,34.45,34.48,33.7,33.72,7323216.0
2019-09-19,34.76,34.91,34.39,34.48,3309248.0
2019-09-18,34.85,35.03,34.49,34.86,2625412.0
2019-09-17,34.65,35.015,34.315,34.92,3044204.0
2019-09-16,34.7,34.88,34.48,34.77,2666056.0
2019-09-13,35.22,35.42,34.85,34.98,3068591.0
2019-09-12,34.85,35.395,34.66,35.05,4288794.0
2019-09-11,35.1,35.11,34.26,34.78,4447106.0
2019-09-10,34.29,34.865,34.22,34.67,9588197.0
2019-09-09,33.49,34.29,33.44,34.2,11111193.0
2019-09-06,32.6,32.73,32.51,32.57,4132335.0
2019-09-05,32.15,32.86,32.1422,32.53,3145472.0
2019-09-04,31.23,31.87,31.225,31.78,3018366.0
2019-09-03,31.14,31.23,30.545,30.88,4023204.0
2019-08-30,31.59,31.67,31.18,31.35,2352181.0
2019-08-29,31.11,31.605,31.075,31.42,3266948.0
2019-08-28,30.31,30.8,30.3,30.79,2971647.0
2019-08-27,30.78,30.91,30.37,30.49,3964604.0
2019-08-26,30.42,30.61,30.37,30.59,3248914.0
2019-08-23,31.05,31.26,30.0,30.1,3054787.0
2019-08-22,31.26,31.37,30.96,31.26,2247924.0
2019-08-21,31.04,31.18,30.93,31.13,2350379.0
2019-08-20,30.93,31.0,30.69,30.72,2534019.0
2019-08-19,31.15,31.48,30.83,30.98,2563840.0
2019-08-16,30.3,30.825,30.3,30.76,4613208.0
2019-08-15,30.12,30.32,29.79,30.08,4827735.0
2019-08-14,30.69,30.9,29.91,30.01,3979372.0
2019-08-13,30.91,31.73,30.895,31.33,2738473.0
2019-08-12,31.5,31.67,30.84,31.07,2905688.0
2019-08-09,31.92,32.07,31.6,31.85,1775885.0
2019-08-08,31.77,32.255,31.57,32.05,2654612.0
2019-08-07,30.9,31.75,30.75,31.55,3649539.0
2019-08-06,31.03,31.545,30.92,31.45,3000125.0
2019-08-05,31.43,31.55,30.3323,30.76,5862758.0
2019-08-02,32.32,32.35,31.805,32.05,3022056.0
2019-08-01,32.89,33.22,32.37,32.42,3431694.0
2019-07-31,33.61,33.68,32.85,32.91,3586192.0
2019-07-30,33.16,33.77,32.96,33.77,2631404.0
2019-07-29,33.77,33.84,33.4,33.42,2329419.0
2019-07-26,33.84,33.91,33.71,33.73,2145478.0
2019-07-25,34.03,34.1,33.605,33.73,4033854.0
2019-07-24,33.62,34.225,33.56,34.09,3685255.0
2019-07-23,33.35,33.81,33.27,33.71,2885742.0
2019-07-22,33.15,33.445,33.07,33.2,4178235.0
2019-07-19,33.67,33.92,33.05,33.05,4049106.0
2019-07-18,31.85,33.55,31.7205,33.49,8793848.0
2019-07-17,31.65,31.78,31.36,31.45,3274626.0
2019-07-16,32.06,32.13,31.63,31.7,3319958.0
2019-07-15,32.28,32.31,31.77,32.0,3496737.0
2019-07-12,31.84,32.35,31.84,32.22,3451699.0
2019-07-11,31.55,31.74,31.43,31.68,6472682.0
2019-07-10,31.5,31.51,31.25,31.4,2770590.0
2019-07-09,31.1,31.45,31.0325,31.4,3369860.0
2019-07-08,31.39,31.52,31.19,31.3,3076870.0
2019-07-05,31.48,31.6,30.95,31.51,4914990.0
2019-07-03,31.36,31.635,31.36,31.47,2809771.0
2019-07-02,31.37,31.5,31.15,31.22,3340014.0
2019-07-01,31.3,31.7,31.09,31.36,3110089.0
2019-06-28,30.52,30.9962,30.5,30.99,5815822.0
2019-06-27,30.2,30.455,30.08,30.34,5764970.0
2019-06-26,29.95,30.25,29.84,30.05,4212198.0
2019-06-25,29.68,30.07,29.6,29.84,5542153.0
2019-06-24,29.9,30.13,29.555,29.59,2813612.0
2019-06-21,29.97,30.105,29.85,29.9,3834623.0
2019-06-20,30.0,30.05,29.6715,29.99,2779541.0
2019-06-19,29.89,29.93,29.63,29.75,2610062.0
2019-06-18,29.45,29.83,29.4,29.83,2597160.0
2019-06-17,29.28,29.5,29.21,29.39,2776942.0
2019-06-14,29.39,29.39,28.985,29.21,3373271.0
2019-06-13,29.47,29.64,29.335,29.44,2110313.0
2019-06-12,29.66,29.66,29.26,29.32,1868021.0
2019-06-11,29.8,29.965,29.59,29.73,2297761.0
2019-06-10,30.0,30.11,29.605,29.63,3145881.0
2019-06-07,29.87,29.96,29.64,29.85,2908832.0
2019-06-06,29.93,29.98,29.67,29.83,2160142.0
2019-06-05,29.9,29.98,29.65,29.84,2647811.0
2019-06-04,29.37,29.88,29.16,29.84,4059287.0
2019-06-03,28.8,29.18,28.65,28.9,2979002.0
2019-05-31,28.92,29.0483,28.755,28.87,3169321.0
2019-05-30,29.35,29.51,28.99,29.19,2032853.0
2019-05-29,29.17,29.305,28.83,29.23,2038106.0
2019-05-28,29.43,29.78,29.25,29.31,3392462.0
2019-05-24,29.2,29.46,29.14,29.43,3006780.0
2019-05-23,29.54,29.57,28.85,29.01,5544063.0
2019-05-22,29.57,29.925,29.53,29.8,3082117.0
2019-05-21,29.79,29.88,29.54,29.76,3262134.0
2019-05-20,29.3,29.675,29.26,29.6,1832573.0
2019-05-17,29.39,29.74,29.3,29.41,1744955.0
2019-05-16,29.18,29.74,29.15,29.71,2696577.0
2019-05-15,29.14,29.27,28.9,29.15,1746977.0
2019-05-14,28.97,29.545,28.9,29.35,2084398.0
2019-05-13,29.37,29.37,28.7,28.74,3244752.0
2019-05-10,29.23,30.005,29.19,29.9,2747134.0
2019-05-09,29.0,29.39,28.82,29.39,2682303.0
2019-05-08,29.47,29.67,29.27,29.3,3843592.0
2019-05-07,29.61,29.88,29.45,29.53,3941614.0
2019-05-06,29.46,29.905,29.27,29.82,3601495.0
2019-05-03,29.67,29.98,29.635,29.91,3323833.0
2019-05-02,29.71,29.93,29.59,29.65,3241270.0
2019-05-01,29.8,29.98,29.73,29.73,3023782.0
2019-04-30,29.74,29.945,29.465,29.71,5032276.0
2019-04-29,30.1,30.27,29.915,29.98,3580718.0
2019-04-26,29.8,30.13,29.8,30.12,4069470.0
2019-04-25,29.79,30.12,29.72,29.78,3669874.0
2019-04-24,29.81,30.01,29.77,29.91,2420890.0
2019-04-23,29.95,29.99,29.72,29.76,4344468.0
2019-04-22,29.82,30.03,29.64,29.95,4231735.0
2019-04-18,30.08,30.2,29.49,29.73,3308003.0
2019-04-17,29.41,29.72,29.35,29.67,4297450.0
2019-04-16,29.55,29.55,29.125,29.27,4872598.0
2019-04-15,29.53,29.66,29.26,29.46,2659160.0
2019-04-12,29.33,29.55,28.945,29.51,5779561.0
2019-04-11,29.25,29.27,28.92,28.98,2999948.0
2019-04-10,28.79,29.2,28.79,29.16,2722475.0
2019-04-09,28.96,28.96,28.62,28.71,2024403.0
2019-04-08,28.71,28.99,28.65,28.98,2409829.0
2019-04-05,28.83,28.97,28.73,28.85,2311633.0
2019-04-04,28.74,28.83,28.54,28.79,3209893.0
2019-04-03,28.57,28.86,28.57,28.75,4800076.0
2019-04-02,28.7,28.7149,28.35,28.52,3543681.0
2019-04-01,27.7,28.35,27.7,28.32,4964441.0
2019-03-29,27.5,27.575,27.33,27.49,3161835.0
2019-03-28,27.0,27.3,26.98,27.28,2758901.0
2019-03-27,26.58,27.065,26.58,26.94,4187824.0
2019-03-26,26.36,26.59,26.175,26.55,3649076.0
2019-03-25,26.09,26.36,25.9,26.12,3755546.0
2019-03-22,26.4,26.55,25.81,26.07,5499195.0
2019-03-21,26.29,26.65,26.01,26.58,2793257.0
2019-03-20,26.83,26.83,26.43,26.5,2926789.0
2019-03-19,27.41,27.41,26.82,26.86,2588479.0
2019-03-18,27.11,27.56,27.04,27.32,2427071.0
2019-03-15,26.69,27.15,26.69,27.01,3512847.0
2019-03-14,26.78,26.895,26.68,26.73,1912563.0
2019-03-13,26.72,26.96,26.66,26.85,2287786.0
2019-03-12,26.46,26.67,26.43,26.56,2815452.0
2019-03-11,26.12,26.52,26.12,26.43,2601647.0
2019-03-08,25.86,26.16,25.8,25.95,2989168.0
2019-03-07,26.44,26.44,26.02,26.13,3255348.0
2019-03-06,26.65,26.9,26.47,26.47,1586208.0
2019-03-05,26.85,26.94,26.59,26.7,2839098.0
2019-03-04,26.99,27.24,26.665,26.94,2335835.0
2019-03-01,27.25,27.42,26.9,27.03,2713030.0
2019-02-28,26.65,27.09,26.56,27.09,4178062.0
2019-02-27,26.69,26.795,26.54,26.63,2555427.0
2019-02-26,26.66,26.96,26.58,26.72,5020729.0
2019-02-25,27.03,27.12,26.41,26.44,4735449.0
2019-02-22,27.08,27.15,26.89,26.95,2261518.0
2019-02-21,27.16,27.22,26.96,27.01,3504985.0
2019-02-20,27.22,27.26,27.06,27.17,2386470.0
2019-02-19,26.86,27.3,26.82,27.19,2682467.0
2019-02-15,26.81,27.155,26.71,27.01,3385724.0
2019-02-14,26.77,26.83,26.58,26.59,3235656.0
2019-02-13,26.85,27.05,26.71,26.81,3212417.0
2019-02-12,26.56,26.995,26.56,26.81,2728049.0
2019-02-11,26.45,26.58,26.34,26.41,2563553.0
2019-02-08,26.13,26.42,25.955,26.42,4268548.0
2019-02-07,26.45,26.58,26.12,26.36,4130879.0
2019-02-06,26.67,26.81,26.49,26.57,3080059.0
2019-02-05,26.55,26.92,26.55,26.63,3187132.0
2019-02-04,26.25,26.69,26.12,26.51,3616720.0
2019-02-01,26.1,26.45,25.9,26.24,3314754.0
2019-01-31,26.65,26.72,25.905,26.06,6069868.0
2019-01-30,25.97,26.94,25.75,26.76,8951523.0
2019-01-29,25.74,25.84,25.31,25.31,5138988.0
2019-01-28,25.55,25.85,25.39,25.84,4806397.0
2019-01-25,25.53,25.955,25.48,25.77,4316540.0
2019-01-24,25.51,25.8,25.37,25.41,3568978.0
2019-01-23,25.81,25.91,25.435,25.48,3477016.0
2019-01-22,25.95,25.99,25.47,25.66,3102814.0
2019-01-18,26.06,26.39,25.95,26.14,3402678.0
2019-01-17,25.5,26.19,25.5,25.94,3058886.0
2019-01-16,25.27,25.775,25.21,25.64,2863314.0
2019-01-15,24.73,25.185,24.58,25.14,2732213.0
2019-01-14,24.52,24.95,24.395,24.71,2622963.0
2019-01-11,24.26,24.77,24.15,24.72,3284720.0
2019-01-10,24.1,24.355,23.93,24.27,4054772.0
2019-01-09,24.22,24.47,24.09,24.23,2564520.0
2019-01-08,24.16,24.48,23.94,24.09,3110189.0
2019-01-07,23.45,23.96,23.355,23.87,3601256.0
2019-01-04,23.13,23.645,23.1,23.42,3149409.0
2019-01-03,22.77,23.18,22.6,22.66,3976214.0
2019-01-02,22.3,23.09,22.08,22.88,3298761.0
2018-12-31,22.5,22.72,22.1542,22.66,3172342.0
2018-12-28,22.54,22.76,22.26,22.5,3217590.0
2018-12-27,21.69,22.36,21.44,22.36,3232238.0
2018-12-26,20.82,22.09,20.6,22.06,4090320.0
2018-12-24,21.08,21.32,20.72,20.74,2279994.0
2018-12-21,22.15,22.55,21.29,21.3,6179919.0
2018-12-20,22.61,22.78,22.04,22.21,4850372.0
2018-12-19,22.93,23.26,22.44,22.59,3767338.0
2018-12-18,22.94,23.225,22.63,22.93,4471872.0
2018-12-17,22.84,23.09,22.63,22.75,4490099.0
2018-12-14,23.06,23.93,22.92,23.0,4034564.0
2018-12-13,24.24,24.4,23.255,23.39,5114867.0
2018-12-12,24.61,24.65,24.24,24.26,4358893.0
2018-12-11,24.71,25.01,23.98,24.19,3430970.0
2018-12-10,24.67,24.86,23.98,24.39,4694463.0
2018-12-07,25.19,25.59,24.68,24.76,3359511.0
2018-12-06,24.68,25.31,24.26,25.25,4863629.0
2018-12-04,26.57,26.58,25.08,25.11,3664471.0
2018-12-03,27.07,27.245,26.53,26.58,3262504.0
2018-11-30,26.36,26.78,26.33,26.68,4347697.0
2018-11-29,26.2,26.655,26.06,26.48,2780117.0
2018-11-28,25.95,26.48,25.77,26.46,3851629.0
2018-11-27,25.73,25.98,25.6701,25.87,2722860.0
2018-11-26,25.26,25.84,25.1,25.78,3359709.0
2018-11-23,24.35,25.135,24.31,24.91,1478939.0
2018-11-21,24.39,25.0,24.34,24.56,3174913.0
2018-11-20,24.68,24.72,24.13,24.25,3929802.0
2018-11-19,25.27,25.53,24.901,24.98,2495653.0
2018-11-16,25.19,25.44,25.165,25.32,2779332.0
2018-11-15,25.2,25.38,25.01,25.37,3505657.0
2018-11-14,25.82,26.005,25.18,25.4,2583393.0
2018-11-13,25.33,25.83,25.33,25.56,2523519.0
2018-11-12,25.64,25.84,25.31,25.36,2320843.0
2018-11-09,26.21,26.41,25.695,25.76,3304353.0
2018-11-08,26.09,26.34,26.05,26.29,2145868.0
2018-11-07,26.11,26.31,25.85,26.2,2537093.0
2018-11-06,25.54,25.92,25.47,25.91,2543994.0
2018-11-05,25.26,25.77,25.26,25.55,3603987.0
2018-11-02,25.95,26.09,25.17,25.23,2493214.0
2018-11-01,25.52,25.865,25.29,25.75,3558247.0
2018-10-31,25.2,25.745,25.2,25.41,6332728.0
2018-10-30,24.35,25.11,24.35,25.06,3779427.0
2018-10-29,24.6,25.15,24.06,24.28,6764061.0
2018-10-26,24.76,24.98,24.0,24.36,4183959.0
2018-10-25,24.75,25.25,23.69,25.01,6139376.0
2018-10-24,25.47,25.68,24.42,24.45,9386902.0
2018-10-23,24.9,25.6,24.68,25.53,3933085.0
2018-10-22,26.04,26.14,25.3,25.32,2828364.0
2018-10-19,25.66,26.035,25.61,25.94,1926473.0
2018-10-18,26.11,26.35,25.59,25.65,2276820.0
2018-10-17,26.1,26.35,25.83,26.14,2767843.0
2018-10-16,26.16,26.34,25.74,26.1,3191177.0
2018-10-15,26.15,26.31,25.92,26.08,1815350.0
2018-10-12,26.35,26.53,25.6301,26.13,3065798.0
2018-10-11,26.19,26.72,25.95,25.96,5228273.0
2018-10-10,26.77,26.92,26.28,26.28,4213850.0
2018-10-09,26.79,26.93,26.58,26.73,1849014.0
2018-10-08,26.76,26.995,26.6,26.85,1695860.0
2018-10-05,27.05,27.24,26.74,26.77,2120332.0
2018-10-04,27.24,27.37,26.89,27.04,2881324.0
2018-10-03,26.5,27.03,26.38,26.85,3073772.0
2018-10-02,26.36,26.58,26.3,26.39,2064396.0
2018-10-01,26.61,26.72,26.315,26.34,3446079.0
2018-09-28,26.52,26.65,26.42,26.45,2916585.0
2018-09-27,26.74,26.925,26.56,26.69,3374135.0
2018-09-26,27.25,27.25,26.74,26.75,2543880.0
2018-09-25,27.4,27.46,27.15,27.25,3279168.0
2018-09-24,27.5,27.58,27.06,27.3,3684129.0
2018-09-21,27.61,27.69,27.47,27.54,6143072.0
2018-09-20,27.39,27.74,27.39,27.58,4595916.0
2018-09-19,27.06,27.38,26.98,27.22,4064082.0
2018-09-18,26.93,27.125,26.8,26.91,2901167.0
2018-09-17,27.23,27.23,26.895,26.95,2278756.0
2018-09-14,26.56,27.24,26.56,27.12,3663631.0
2018-09-13,26.56,26.77,26.535,26.55,2383713.0
2018-09-12,26.8,26.82,26.43,26.54,1829368.0
2018-09-11,26.65,26.825,26.46,26.79,2444744.0
2018-09-10,26.71,26.78,26.58,26.72,2463123.0
2018-09-07,26.81,26.87,26.63,26.64,2514466.0
2018-09-06,27.15,27.22,26.74,26.77,1882451.0
2018-09-05,27.18,27.41,27.07,27.18,2384162.0
2018-09-04,26.92,27.22,26.8,27.07,2819358.0
2018-08-31,26.85,26.99,26.73,26.88,2054350.0
2018-08-30,27.02,27.0499,26.83,26.97,2113656.0
2018-08-29,27.25,27.25,26.89,27.06,2178378.0
2018-08-28,27.18,27.3,27.1001,27.19,2355387.0
2018-08-27,27.4,27.545,27.16,27.19,5491341.0
2018-08-24,27.3,27.36,27.15,27.22,1793431.0
2018-08-23,27.35,27.4,27.14,27.16,2291576.0
2018-08-22,27.5,27.585,27.27,27.34,2137881.0
2018-08-21,27.3,27.7,27.18,27.51,3924757.0
2018-08-20,27.01,27.43,27.0,27.37,2272236.0
2018-08-17,27.02,27.15,26.94,26.95,2853347.0
2018-08-16,26.95,27.225,26.91,27.1,2125532.0
2018-08-15,27.05,27.06,26.45,26.77,3851378.0
2018-08-14,26.88,27.35,26.88,27.24,1621285.0
2018-08-13,26.91,27.14,26.76,26.88,2025979.0
2018-08-10,27.47,27.47,26.87,26.92,3295629.0
2018-08-09,27.38,27.82,27.36,27.71,2588116.0
2018-08-08,27.14,27.5,27.02,27.39,2639625.0
2018-08-07,26.96,27.31,26.9,27.2,4153347.0
2018-08-06,26.62,26.89,26.62,26.8,1640011.0
2018-08-03,26.41,26.63,26.24,26.62,3834165.0
2018-08-02,26.46,26.5,26.11,26.36,5287339.0
2018-08-01,26.81,27.145,26.53,26.64,4829107.0
2018-07-31,27.35,27.35,26.61,26.76,5924333.0
2018-07-30,27.94,28.08,27.035,27.37,6542561.0
2018-07-27,27.62,27.89,27.04,27.25,3797518.0
2018-07-26,27.98,28.0095,26.87,27.4,6088129.0
2018-07-25,27.84,28.04,27.63,27.96,3740786.0
2018-07-24,28.12,28.175,27.645,27.87,2586551.0
2018-07-23,27.74,28.1,27.6706,27.96,1944898.0
2018-07-20,27.92,28.125,27.71,27.74,1891758.0
2018-07-19,27.91,28.13,27.78,27.87,2166804.0
2018-07-18,27.55,28.04,27.5,27.98,2341509.0
2018-07-17,27.32,27.72,27.28,27.55,2394613.0
2018-07-16,27.37,27.535,27.19,27.25,1962023.0
2018-07-13,27.24,27.38,27.03,27.32,1617573.0
2018-07-12,27.63,27.6499,27.27,27.34,3157375.0
2018-07-11,27.46,27.6,27.37,27.38,2604365.0
2018-07-10,27.75,27.86,27.43,27.52,1881871.0
2018-07-09,27.09,27.785,27.04,27.72,3105247.0
2018-07-06,26.75,27.09,26.7,26.95,2047505.0
2018-07-05,26.78,26.88,26.61,26.8,2933249.0
2018-07-03,26.67,26.87,26.51,26.57,1143101.0
2018-07-02,25.98,26.71,25.95,26.67,4001017.0
2018-06-29,26.94,26.96,26.23,26.27,4914153.0
2018-06-28,25.25,25.83,25.21,25.71,2270806.0
2018-06-27,25.87,25.97,25.25,25.25,1803647.0
2018-06-26,25.62,25.985,25.455,25.77,6048552.0
2018-06-25,26.35,26.35,25.48,25.65,8651340.0
2018-06-22,26.53,27.06,26.37,26.42,4494415.0
2018-06-21,26.0,26.31,25.79,26.21,3241356.0
2018-06-20,26.28,26.35,25.99,26.13,2763372.0
2018-06-19,26.05,26.19,25.71,26.13,4219024.0
2018-06-18,26.27,26.48,26.22,26.38,3324133.0
2018-06-15,26.21,26.44,26.03,26.41,3925956.0
2018-06-14,26.44,26.61,26.27,26.34,1739103.0
2018-06-13,26.82,26.83,26.34,26.38,2572900.0
2018-06-12,26.73,26.89,26.66,26.77,2199220.0
2018-06-11,26.72,26.95,26.515,26.71,2178944.0
2018-06-08,26.57,26.63,26.31,26.63,2078128.0
2018-06-07,26.59,26.925,26.37,26.6,3348725.0
2018-06-06,26.06,26.73,26.03,26.51,3837314.0
2018-06-05,26.11,26.255,25.97,26.07,3897412.0
2018-06-04,26.08,26.35,25.86,26.24,4354338.0
2018-06-01,25.96,26.08,25.5,26.03,3923775.0
2018-05-31,25.72,26.09,25.43,25.65,5304030.0
2018-05-30,26.24,26.505,25.28,25.75,7400667.0
2018-05-29,26.57,26.63,25.88,26.06,3395191.0
2018-05-25,26.99,27.06,26.79,26.89,1333588.0
2018-05-24,27.06,27.191,26.675,27.05,2318620.0
2018-05-23,27.31,27.49,27.02,27.12,2632768.0
2018-05-22,27.15,27.5,27.15,27.46,3002512.0
2018-05-21,27.12,27.23,27.04,27.1,1355405.0
2018-05-18,27.02,27.19,26.8,26.94,2228523.0
2018-05-17,26.65,27.245,26.62,26.99,3674201.0
2018-05-16,26.6,26.91,26.54,26.63,3747601.0
2018-05-15,26.75,27.19,26.525,26.6,3545144.0
2018-05-14,26.71,27.135,26.71,26.75,3027576.0
2018-05-11,27.4,27.41,26.64,26.64,4394699.0
2018-05-10,27.1,27.49,27.0,27.34,1938975.0
2018-05-09,26.65,27.21,26.64,27.07,2266172.0
2018-05-08,26.49,27.04,26.49,26.57,3249644.0
2018-05-07,26.42,26.65,26.355,26.54,1953147.0
2018-05-04,25.88,26.56,25.86,26.36,1927487.0
2018-05-03,26.39,26.4,25.671,26.0,3984295.0
2018-05-02,26.3,26.79,26.3,26.48,2630835.0
2018-05-01,25.99,26.46,25.92,26.32,3480603.0
2018-04-30,26.58,26.67,26.1,26.1,3984358.0
2018-04-27,27.24,27.32,26.63,26.68,3128783.0
2018-04-26,27.3,27.68,26.54,27.18,5049528.0
2018-04-25,28.08,28.215,27.73,27.92,4766701.0
2018-04-24,27.9,29.0,27.73,28.13,6113830.0
2018-04-23,27.7,27.73,27.49,27.6,1652409.0
2018-04-20,27.7,27.73,27.455,27.66,2108208.0
2018-04-19,27.56,27.76,27.305,27.62,3232128.0
2018-04-18,27.62,27.73,27.37,27.54,2352820.0
2018-04-17,27.63,27.76,27.41,27.53,1863459.0
2018-04-16,27.37,27.55,27.235,27.38,1916026.0
2018-04-13,27.81,27.8899,27.06,27.25,1942686.0
2018-04-12,27.42,27.795,27.31,27.6,1833477.0
2018-04-11,27.21,27.6,27.13,27.21,2069593.0
2018-04-10,27.04,27.54,26.98,27.49,2668002.0
2018-04-09,26.95,27.375,26.78,26.78,2533237.0
2018-04-06,26.96,27.1,26.39,26.62,1512096.0
2018-04-05,27.03,27.365,26.9301,27.21,2420316.0
2018-04-04,26.25,26.785,26.16,26.74,2584918.0
2018-04-03,26.57,26.93,26.34,26.73,2583487.0
2018-04-02,27.0,27.09,26.07,26.42,2426980.0
2018-03-29,26.67,27.23,26.575,27.15,2781643.0
2018-03-28,26.29,26.6627,26.2,26.59,3089223.0
2018-03-27,26.74,26.89,26.03,26.22,2745152.0
2018-03-26,26.25,26.76,26.25,26.68,2513774.0
2018-03-23,26.58,26.68,25.94,25.94,3321740.0
2018-03-22,27.15,27.305,26.47,26.48,2527234.0
2018-03-21,27.42,27.71,27.3,27.47,1660561.0
2018-03-20,27.32,27.48,27.24,27.41,2905112.0
2018-03-19,27.6,27.735,26.99,27.3,2945993.0
2018-03-16,27.45,27.81,27.25,27.69,3981899.0
2018-03-15,27.92,27.98,27.175,27.47,5024551.0
2018-03-14,28.53,28.6,27.69,27.85,3107642.0
2018-03-13,28.79,28.875,28.54,28.57,2420049.0
2018-03-12,28.67,28.92,28.45,28.7,2761104.0
2018-03-09,28.41,28.81,28.32,28.6,2930785.0
2018-03-08,28.45,28.509,27.94,28.16,1613959.0
2018-03-07,27.86,28.44,27.8,28.36,2539770.0
2018-03-06,28.05,28.37,27.92,28.12,2819897.0
2018-03-05,27.54,28.1,27.445,27.93,2304962.0
2018-03-02,27.25,27.75,26.7225,27.7,2740392.0
2018-03-01,27.83,28.12,27.2852,27.4,3311178.0
2018-02-28,27.96,28.45,27.85,27.9,3002650.0
2018-02-27,28.16,28.43,27.89,27.89,3304513.0
2018-02-26,27.97,28.485,27.97,28.14,3272149.0
2018-02-23,28.11,28.21,27.91,28.06,3358244.0
2018-02-22,28.54,28.56,27.855,27.89,1890382.0
2018-02-21,28.65,28.98,28.41,28.41,2238833.0
2018-02-20,28.45,28.94,28.4143,28.7,2232612.0
2018-02-16,28.64,29.02,28.59,28.67,1571418.0
2018-02-15,28.83,28.85,28.37,28.73,2173320.0
2018-02-14,28.06,28.57,28.03,28.49,4071720.0
2018-02-13,28.0,28.52,27.93,28.31,2187189.0
2018-02-12,27.77,28.33,27.65,28.07,2578404.0
2018-02-09,27.53,27.895,26.875,27.57,4450245.0
2018-02-08,28.53,28.6,27.19,27.21,4975166.0
2018-02-07,28.1,28.9,28.1,28.4,2955678.0
2018-02-06,27.04,28.42,27.0,28.21,5040350.0
2018-02-05,28.6,29.14,27.77,27.77,3793874.0
2018-02-02,30.05,30.07,28.68,28.89,4068035.0
2018-02-01,29.69,30.35,29.635,30.14,4334023.0
2018-01-31,30.67,30.77,29.53,29.77,10726445.0
2018-01-30,29.79,31.29,29.69,30.83,5999907.0
2018-01-29,30.33,30.63,30.19,30.29,5258928.0
2018-01-26,30.12,30.43,30.0,30.37,2906536.0
2018-01-25,30.39,30.395,29.92,30.09,2957921.0
2018-01-24,30.4,30.575,30.05,30.24,2726856.0
2018-01-23,30.49,30.5,30.13,30.35,3403905.0
2018-01-22,30.38,30.65,30.325,30.65,2452707.0
2018-01-19,30.29,30.5,30.04,30.45,3226707.0
2018-01-18,30.6,30.75,30.3,30.37,3192786.0
2018-01-17,30.54,30.7052,30.2,30.62,3662738.0
2018-01-16,30.71,30.95,30.27,30.31,2850371.0
2018-01-12,30.37,30.57,30.1,30.53,3729471.0
2018-01-11,30.15,30.56,30.15,30.5,2455140.0
2018-01-10,30.44,30.65,29.94,30.06,5234869.0
2018-01-09,29.94,30.45,29.85,30.38,3682196.0
2018-01-08,30.24,30.25,29.67,29.83,3084611.0
2018-01-05,29.91,30.24,29.67,30.22,5312888.0
2018-01-04,29.49,29.955,29.31,29.72,3180857.0
2018-01-03,29.45,29.52,28.28,29.29,3697912.0
2018-01-02,29.49,29.49,29.16,29.43,1970978.0
2017-12-29,29.45,29.47,29.095,29.16,3142217.0
2017-12-28,29.23,29.43,29.14,29.41,2056585.0
2017-12-27,29.31,29.36,29.12,29.22,3577801.0
2017-12-26,29.27,29.44,29.19,29.27,1269786.0
2017-12-22,29.32,29.5,29.095,29.25,2202591.0
2017-12-21,29.1,29.485,29.05,29.17,3759893.0
2017-12-20,29.09,29.13,28.785,29.03,2583813.0
2017-12-19,29.05,29.24,28.815,28.85,5261181.0
2017-12-18,28.86,28.94,28.61,28.8,5578623.0
2017-12-15,28.66,28.79,28.44,28.7,6655367.0
2017-12-14,28.79,28.94,28.46,28.49,6396906.0
2017-12-13,29.3,29.34,28.63,28.68,3540917.0
2017-12-12,28.84,29.315,28.79,29.16,3374402.0
2017-12-11,28.84,29.08,28.63,28.77,3643934.0
2017-12-08,28.5,28.83,28.47,28.65,3115941.0
2017-12-07,28.15,28.52,27.95,28.37,4484460.0
2017-12-06,27.88,28.07,27.66,27.89,2501858.0
2017-12-05,27.57,28.24,27.48,27.95,4333933.0
2017-12-04,27.79,27.94,27.46,27.56,3642636.0
2017-12-01,26.87,27.42,26.625,27.25,4299590.0
2017-11-30,26.99,27.27,26.82,26.86,6206547.0
2017-11-29,26.75,27.095,26.47,26.66,2730654.0
2017-11-28,26.31,26.65,26.23,26.51,2425952.0
2017-11-27,26.47,26.57,26.17,26.23,1792745.0
2017-11-24,26.47,26.63,26.4,26.52,1154526.0
2017-11-22,26.37,26.605,26.24,26.37,2009289.0
2017-11-21,26.79,26.79,26.185,26.39,2179409.0
2017-11-20,26.66,26.88,26.62,26.65,2688338.0
2017-11-17,26.44,26.73,26.34,26.67,2526213.0
2017-11-16,26.405,26.72,26.35,26.42,4444353.0
2017-11-15,25.58,26.375,25.54,26.23,4472855.0
2017-11-14,25.48,25.86,25.35,25.84,2758747.0
2017-11-13,25.38,25.66,25.31,25.65,2267202.0
2017-11-10,25.55,25.75,25.54,25.57,2200888.0
2017-11-09,25.55,25.74,25.3,25.5,2653393.0
2017-11-08,26.3,26.46,25.62,25.72,3851534.0
2017-11-07,26.83,26.93,26.21,26.46,2534951.0
2017-11-06,26.58,26.93,26.49,26.85,2302165.0
2017-11-03,26.44,26.91,26.38,26.68,3196812.0
2017-11-02,26.33,26.77,26.14,26.54,4143448.0
2017-11-01,26.26,26.54,26.165,26.35,6133193.0
2017-10-31,26.01,26.44,25.93,26.13,3731610.0
2017-10-30,26.19,26.55,26.06,26.23,3192927.0
2017-10-27,26.07,26.35,25.9,26.28,4397942.0
2017-10-26,25.9,26.28,25.7246,26.02,4800013.0
2017-10-25,24.86,25.85,24.8,25.67,6141782.0
2017-10-24,24.63,24.74,24.495,24.63,3235899.0
2017-10-23,24.87,24.94,24.595,24.62,2443406.0
2017-10-20,24.8,24.92,24.64,24.89,2413126.0
2017-10-19,24.36,24.57,24.29,24.52,2322581.0
2017-10-18,24.45,24.72,24.38,24.48,2233628.0
2017-10-17,24.65,24.65,24.37,24.41,2397353.0
2017-10-16,24.14,24.73,24.12,24.55,4440746.0
2017-10-13,23.97,24.26,23.9,24.16,2012924.0
2017-10-12,24.32,24.33,23.93,23.96,4253853.0
2017-10-11,24.4,24.465,24.26,24.35,3617889.0
2017-10-10,24.53,24.6018,24.38,24.48,3009940.0
2017-10-09,24.48,24.615,24.35,24.36,2144315.0
2017-10-06,24.32,24.48,24.2,24.4,3211583.0
2017-10-05,24.27,24.49,24.135,24.24,3244754.0
2017-10-04,24.52,24.55,24.21,24.26,2377427.0
2017-10-03,24.42,24.57,24.26,24.49,3122241.0
2017-10-02,24.28,24.43,23.995,24.42,4811916.0
2017-09-29,23.86,24.32,23.66,24.26,4314622.0
2017-09-28,23.96,23.96,23.725,23.89,4483713.0
2017-09-27,23.65,24.04,23.64,23.83,4302560.0
2017-09-26,23.2,23.4,23.18,23.34,4934898.0
2017-09-25,23.24,23.465,23.15,23.27,2716831.0
2017-09-22,23.04,23.355,22.965,23.32,3735051.0
2017-09-21,22.98,23.15,22.83,23.09,2559992.0
2017-09-20,22.97,23.2,22.68,22.97,2788956.0
2017-09-19,22.9,23.045,22.8,22.97,2093220.0
2017-09-18,22.66,22.945,22.66,22.9,2047150.0
2017-09-15,22.21,22.59,22.21,22.58,3922615.0
2017-09-14,22.62,22.63,22.225,22.24,3064049.0
2017-09-13,22.85,22.905,22.605,22.65,2801713.0
2017-09-12,22.62,22.91,22.62,22.87,3162961.0
2017-09-11,22.61,22.74,22.47,22.5,2210834.0
2017-09-08,22.02,22.59,22.02,22.37,3390279.0
2017-09-07,22.5,22.625,21.98,22.07,3327364.0
2017-09-06,22.47,22.615,22.26,22.56,3483789.0
2017-09-05,22.53,22.66,22.135,22.42,2555271.0
2017-09-01,22.59,22.995,22.5805,22.74,2270860.0
2017-08-31,22.32,22.72,22.32,22.6,3011289.0
2017-08-30,22.14,22.39,22.08,22.36,1662478.0
2017-08-29,21.89,22.16,21.81,22.09,2370747.0
2017-08-28,22.87,22.95,21.98,22.2,4282949.0
2017-08-25,22.64,22.89,22.64,22.75,2859298.0
2017-08-24,22.57,22.71,22.485,22.57,2045499.0
2017-08-23,22.01,22.68,21.94,22.53,3617067.0
2017-08-22,22.02,22.1,21.895,22.06,2151414.0
2017-08-21,22.04,22.06,21.85,21.93,1534700.0
2017-08-18,22.06,22.26,21.98,22.03,2087804.0
2017-08-17,22.49,22.725,22.14,22.15,2386549.0
2017-08-16,22.79,22.895,22.525,22.59,1639643.0
2017-08-15,22.73,22.8,22.59,22.64,2075349.0
2017-08-14,22.24,22.7,22.1921,22.6,2607368.0
2017-08-11,22.02,22.11,21.88,22.01,3910485.0
2017-08-10,22.6,22.73,22.11,22.12,3364648.0
2017-08-09,22.67,22.885,22.61,22.76,2092512.0
2017-08-08,22.81,23.16,22.81,22.87,2674970.0
2017-08-07,22.71,22.99,22.71,22.82,2073131.0
2017-08-04,22.79,22.895,22.67,22.72,2079446.0
2017-08-03,22.65,22.92,22.57,22.65,2646034.0
2017-08-02,22.71,22.81,22.59,22.78,2279615.0
2017-08-01,22.79,22.895,22.67,22.72,2079446.0
2017-07-31,22.76,22.8,22.47,22.64,3214073.0
2017-07-28,22.75,22.79,22.315,22.69,5119921.0
2017-07-27,22.3,22.82,22.29,22.78,7445515.0
2017-07-26,22.02,22.025,21.475,21.71,5619517.0
2017-07-25,22.15,22.32,22.01,22.03,4984229.0
2017-07-24,21.85,22.04,21.61,21.87,5044403.0
2017-07-21,21.49,22.05,21.49,21.93,5237810.0
2017-07-20,21.41,21.6,21.31,21.53,2104078.0
2017-07-19,21.0,21.48,21.0,21.44,3238780.0
2017-07-18,20.85,20.95,20.69,20.89,4236979.0
2017-07-17,21.14,21.35,20.925,20.96,4646871.0
2017-07-14,21.31,21.625,21.3,21.46,3734574.0
2017-07-13,21.42,21.59,21.34,21.51,3467846.0
2017-07-12,20.88,21.41,20.865,21.38,4056017.0
2017-07-11,20.83,20.975,20.745,20.9,3005826.0
2017-07-10,20.78,20.89,20.67,20.8,5247475.0
2017-07-07,20.81,20.91,20.645,20.82,5554116.0
2017-07-06,21.32,21.35,20.78,20.79,4423557.0
2017-07-05,21.39,21.49,21.19,21.31,3154824.0
2017-07-03,20.94,21.405,20.9,21.33,2963447.0
2017-06-30,21.34,21.34,20.68,20.9,6152461.0
2017-06-29,21.61,21.75,20.98,21.21,3926387.0
2017-06-28,21.1,21.25,21.03,21.19,4103299.0
2017-06-27,20.85,21.17,20.77,20.99,4927050.0
2017-06-26,20.58,20.85,20.495,20.76,2321985.0
2017-06-23,20.52,20.73,20.29,20.54,5207560.0
2017-06-22,20.08,20.62,20.0,20.39,4543948.0
2017-06-21,20.24,20.33,19.88,20.05,3672496.0
2017-06-20,20.22,20.22,19.93,20.06,3216511.0
2017-06-19,20.47,20.5,20.15,20.2,2806289.0
2017-06-16,20.56,20.56,20.01,20.37,6322745.0
2017-06-15,19.95,20.625,19.89,20.51,8781981.0
2017-06-14,19.84,20.08,19.48,19.99,4593936.0
2017-06-13,19.55,20.06,18.86,19.93,7249820.0
2017-06-12,19.76,20.2,19.4275,19.49,7722963.0
2017-06-09,19.25,19.8,19.18,19.69,6239337.0
2017-06-08,19.1,19.21,18.98,19.01,3572741.0
2017-06-07,19.15,19.355,19.06,19.08,4495905.0
2017-06-06,18.77,19.17,18.655,19.03,2771948.0
2017-06-05,18.86,19.0599,18.83,18.9,3469383.0
2017-06-02,18.74,19.0771,18.56,18.91,4977815.0
2017-06-01,18.58,18.89,18.48,18.86,4020298.0
2017-05-31,18.73,18.82,18.26,18.54,8205587.0
2017-05-30,18.99,19.09,18.64,18.72,4276410.0
2017-05-26,19.05,19.16,18.95,19.11,2728407.0
2017-05-25,19.14,19.185,18.93,19.11,4302520.0
2017-05-24,19.0,19.14,18.99,19.06,2538392.0
2017-05-23,18.89,19.1,18.65,18.97,4796490.0
2017-05-22,18.9,18.98,18.74,18.87,3835536.0
2017-05-19,18.33,18.98,18.33,18.79,5196877.0
2017-05-18,18.13,18.445,18.11,18.29,5812419.0
2017-05-17,18.5,18.655,18.205,18.22,6804478.0
2017-05-16,19.17,19.37,18.93,18.97,3535945.0
2017-05-15,18.77,19.25,18.7,19.13,3608622.0
2017-05-12,18.76,18.96,18.49,18.71,4825264.0
2017-05-11,19.43,19.43,18.82,18.83,6748630.0
2017-05-10,19.68,19.75,19.5,19.5,2830702.0
2017-05-09,19.92,19.99,19.665,19.75,3367922.0
2017-05-08,19.74,19.93,19.63,19.91,4115868.0
2017-05-05,19.68,19.735,19.435,19.71,2786501.0
2017-05-04,19.74,19.76,19.35,19.57,3596973.0
2017-05-03,19.81,19.89,19.45,19.64,4502158.0
2017-05-02,19.73,19.97,19.51,19.94,7214777.0
2017-05-01,19.82,19.935,19.51,19.76,3054921.0
2017-04-28,19.96,20.19,19.7,19.8,5095080.0
2017-04-27,20.75,21.17,20.07,20.16,7503068.0
2017-04-26,20.56,21.26,20.44,21.13,8861271.0
2017-04-25,20.6,20.71,20.49,20.7,4121785.0
2017-04-24,20.35,20.605,20.26,20.47,4962422.0
2017-04-21,19.91,20.11,19.845,19.93,5383831.0
2017-04-20,19.56,20.105,19.56,19.98,6044298.0
2017-04-19,19.44,19.59,19.29,19.38,3447811.0
2017-04-18,19.32,19.47,19.0,19.24,4691543.0
2017-04-17,19.18,19.44,19.15,19.4,5940007.0
2017-04-13,19.48,19.76,19.14,19.17,5246656.0
2017-04-12,19.68,19.72,19.39,19.58,4315537.0
2017-04-11,19.48,19.71,19.41,19.7,3972852.0
2017-04-10,19.46,19.77,19.38,19.58,3280762.0
2017-04-07,19.4,19.71,19.35,19.58,4404938.0
2017-04-06,19.07,19.71,18.93,19.6,5912024.0
2017-04-05,19.68,19.77,19.01,19.08,7134302.0
2017-04-04,19.84,20.07,19.39,19.5,8379941.0
2017-04-03,20.44,20.47,19.73,19.98,7615101.0
2017-03-31,20.4,20.47,20.33,20.33,4230108.0
2017-03-30,20.11,20.61,20.05,20.51,4831640.0
2017-03-29,19.86,20.25,19.84,20.11,5455341.0
2017-03-28,19.43,20.03,19.35,19.84,8355990.0
2017-03-27,19.58,19.77,19.42,19.51,7691052.0
2017-03-24,20.18,20.32,19.86,19.96,7903202.0
2017-03-23,20.32,20.41,20.12,20.15,10459578.0
2017-03-22,20.26,20.6,20.13,20.39,4974664.0
2017-03-21,21.28,21.45,20.4,20.51,11222563.0
2017-03-20,21.16,21.225,20.8,21.12,10583503.0
2017-03-17,21.6,21.6,20.56,21.15,13800291.0
2017-03-16,21.82,21.875,21.49,21.59,7826193.0
2017-03-15,21.84,21.945,21.635,21.68,4179883.0
2017-03-14,21.81,21.855,21.37,21.69,5620205.0
2017-03-13,21.96,22.06,21.85,21.98,2556933.0
2017-03-10,21.94,22.07,21.825,21.98,2098150.0
2017-03-09,21.77,22.0425,21.63,21.79,3408977.0
2017-03-08,22.0,22.1,21.72,21.74,3858465.0
2017-03-07,22.13,22.18,21.84,21.85,3506252.0
2017-03-06,22.39,22.39,21.96,22.08,3022439.0
2017-03-03,22.46,22.56,22.35,22.48,3536079.0
2017-03-02,22.82,22.88,22.48,22.5,2104679.0
2017-03-01,22.87,22.945,22.715,22.87,5441691.0
2017-02-28,22.71,22.75,22.29,22.49,5443953.0
2017-02-27,22.63,23.055,22.61,23.04,3786145.0
2017-02-24,22.8,22.985,22.68,22.77,3543285.0
2017-02-23,23.23,23.27,22.98,23.12,2179855.0
2017-02-22,23.08,23.235,22.9,23.16,4559784.0
2017-02-21,23.28,23.4,23.11,23.18,2265047.0
2017-02-17,23.08,23.23,22.93,23.21,2557269.0
2017-02-16,23.47,23.62,23.15,23.22,2276819.0
2017-02-15,23.42,23.58,23.33,23.48,4288889.0
2017-02-14,22.9,23.405,22.84,23.32,4011338.0
2017-02-13,22.82,23.05,22.78,22.95,4685469.0
2017-02-10,22.83,22.8799,22.68,22.79,4927207.0
2017-02-09,22.56,22.87,22.51,22.74,5461763.0
2017-02-08,22.7,22.76,22.47,22.55,6121538.0
2017-02-07,22.75,22.81,22.64,22.8,7413231.0
2017-02-06,22.53,22.82,22.28,22.65,6931836.0
2017-02-03,22.24,22.72,22.05,22.71,8585654.0
2017-02-02,21.41,22.21,21.38,22.14,9084291.0
2017-02-01,21.35,21.765,21.19,21.6,12379772.0
2017-01-31,20.51,21.14,20.14,21.12,16446141.0
2017-01-30,19.48,19.73,19.28,19.69,4560351.0
2017-01-27,19.77,19.81,19.59,19.71,3069617.0
2017-01-26,19.62,19.84,19.58,19.81,5782893.0
2017-01-25,19.5,19.67,19.31,19.61,6046733.0
2017-01-24,19.22,19.52,19.14,19.33,6072335.0
2017-01-23,19.21,19.4,19.095,19.13,3596183.0
2017-01-20,19.38,19.48,19.24,19.27,4489658.0
2017-01-19,19.5,19.565,19.22,19.32,2977526.0
2017-01-18,19.41,19.48,19.23,19.44,3877880.0
2017-01-17,19.83,19.9,19.26,19.36,5874609.0
2017-01-13,20.24,20.49,19.93,19.93,4206433.0
2017-01-12,19.96,20.18,19.77,20.15,3855915.0
2017-01-11,20.14,20.17,19.87,20.13,2992122.0
2017-01-10,19.8,20.24,19.785,20.04,4897410.0
2017-01-09,19.88,19.94,19.52,19.75,2341618.0
2017-01-06,19.74,20.01,19.645,19.89,2949696.0
2017-01-05,19.6,19.85,19.475,19.72,5211160.0
2017-01-04,19.32,19.76,19.29,19.7,5121758.0
2017-01-03,19.17,19.4236,19.05,19.23,5328684.0
2016-12-30,19.21,19.315,18.925,19.02,4423089.0
2016-12-29,19.45,19.545,19.18,19.2,2603512.0
2016-12-28,19.9,19.9,19.41,19.44,3541695.0
2016-12-27,19.74,19.9,19.64,19.85,2718945.0
2016-12-23,19.58,19.71,19.45,19.71,2390178.0
2016-12-22,19.66,19.66,19.48,19.54,3658212.0
2016-12-21,19.75,19.81,19.665,19.74,2980867.0
2016-12-20,19.77,19.89,19.6,19.8,6638799.0
2016-12-19,19.89,19.995,19.5625,19.67,5296181.0
2016-12-16,19.94,20.08,19.8,19.91,6645814.0
2016-12-15,19.76,20.06,19.7,19.89,4253932.0
2016-12-14,19.82,19.91,19.56,19.67,4566666.0
2016-12-13,20.15,20.21,19.77,19.9,3922415.0
2016-12-12,20.29,20.385,19.795,20.04,5176077.0
2016-12-09,20.36,20.6,20.26,20.4,5582257.0
2016-12-08,19.93,20.38,19.85,20.32,6970753.0
2016-12-07,19.6,19.905,19.21,19.85,10332530.0
2016-12-06,19.76,19.8375,19.52,19.63,8493077.0
2016-12-05,19.78,19.92,19.7,19.71,4065487.0
2016-12-02,19.69,19.79,19.48,19.57,3211164.0
2016-12-01,19.57,20.02,19.49,19.7,3881194.0
2016-11-30,19.49,19.76,19.31,19.42,4933652.0
2016-11-29,19.48,19.61,19.25,19.27,4062717.0
2016-11-28,19.7,19.85,19.45,19.49,3087596.0
2016-11-25,19.93,19.99,19.75,19.78,1955586.0
2016-11-23,19.73,19.97,19.63,19.95,3235441.0
2016-11-22,19.53,19.75,19.47,19.65,3652911.0
2016-11-21,19.5,19.61,19.39,19.47,8337224.0
2016-11-18,19.28,19.48,19.11,19.41,5575281.0
2016-11-17,18.86,19.29,18.73,19.27,5168816.0
2016-11-16,19.04,19.17,18.925,18.96,3488589.0
2016-11-15,19.33,19.33,18.8,19.21,6886053.0
2016-11-14,18.54,19.07,18.47,19.03,7445472.0
2016-11-11,17.99,18.4,17.83,18.36,3775435.0
2016-11-10,17.68,18.3,17.65,18.12,11203680.0
2016-11-09,16.99,17.55,16.68,17.34,11859276.0
2016-11-08,17.05,17.43,16.71,16.84,12839867.0
2016-11-07,17.51,17.61,17.38,17.49,6179213.0
2016-11-04,17.39,17.55,17.09,17.16,9725900.0
2016-11-03,17.69,17.83,17.38,17.42,6436243.0
2016-11-02,17.69,17.85,17.55,17.64,6082947.0
2016-11-01,18.21,18.31,17.205,17.76,13604106.0
2016-10-31,18.46,18.47,17.96,18.07,6084665.0
2016-10-28,18.65,18.71,18.23,18.37,4677801.0
2016-10-27,18.8,18.86,18.6,18.68,5602733.0
2016-10-26,18.9,19.12,18.465,18.81,13177576.0
2016-10-25,19.46,19.6,19.34,19.55,4770259.0
2016-10-24,19.46,19.665,19.43,19.49,2608855.0
2016-10-21,19.22,19.51,19.164,19.36,5489380.0
2016-10-20,19.47,19.79,19.38,19.38,3529988.0
2016-10-19,19.39,19.61,19.39,19.47,3597241.0
2016-10-18,19.54,19.55,19.32,19.38,2062746.0
2016-10-17,19.27,19.46,19.27,19.33,1687799.0
2016-10-14,19.55,19.66,19.24,19.3,2100997.0
2016-10-13,19.36,19.44,19.13,19.23,2054044.0
2016-10-12,19.62,19.77,19.48,19.55,3607602.0
2016-10-11,19.81,19.85,19.57,19.65,2502389.0
2016-10-10,19.87,19.99,19.84,19.9,1467018.0
2016-10-07,19.88,20.01,19.675,19.76,1821869.0
2016-10-06,19.93,19.97,19.73,19.85,2394494.0
2016-10-05,19.87,20.08,19.835,19.98,6542192.0
2016-10-04,19.77,19.965,19.68,19.75,3278942.0
2016-10-03,19.4,19.725,19.28,19.67,3166976.0
2016-09-30,19.47,19.52,19.14,19.47,3146811.0
2016-09-29,19.4,19.59,19.09,19.24,3607121.0
2016-09-28,19.29,19.41,19.12,19.38,1881455.0
2016-09-27,18.77,19.16,18.762,19.15,2431470.0
2016-09-26,18.94,18.98,18.73,18.84,1908947.0
2016-09-23,19.31,19.58,19.07,19.08,3455962.0
2016-09-22,19.33,19.375,19.175,19.34,4705692.0
2016-09-21,19.25,19.26,18.89,19.2,5010266.0
2016-09-20,19.29,19.35,18.93,19.13,3919591.0
2016-09-19,19.28,19.33,19.02,19.18,3081500.0
2016-09-16,19.37,19.48,19.1,19.2,6359675.0
2016-09-15,19.4,19.65,19.37,19.5,3611607.0
2016-09-14,19.38,19.48,19.17,19.4,3283706.0
2016-09-13,19.52,19.65,19.235,19.34,4211590.0
2016-09-12,19.18,19.81,19.08,19.73,3024423.0
2016-09-09,19.87,19.98,19.3,19.32,3406891.0
2016-09-08,20.06,20.11,19.85,19.89,2887759.0
2016-09-07,19.76,20.07,19.68,20.02,2426477.0
2016-09-06,19.84,19.84,19.63,19.79,1892300.0
2016-09-02,19.71,19.87,19.55,19.82,2065248.0
2016-09-01,20.06,20.14,19.44,19.58,3760965.0
2016-08-31,19.99,20.1,19.735,20.04,3137684.0
2016-08-30,19.85,19.99,19.77,19.99,3494587.0
2016-08-29,19.71,19.905,19.71,19.82,2665096.0
2016-08-26,19.84,19.96,19.6402,19.71,2773717.0
2016-08-25,19.59,19.77,19.53,19.74,2122830.0
2016-08-24,19.63,19.7,19.54,19.59,3046063.0
2016-08-23,19.63,19.755,19.54,19.57,2534370.0
2016-08-22,19.41,19.5,19.3,19.5,2605086.0
2016-08-19,19.38,19.48,19.26,19.46,1500356.0
2016-08-18,19.4,19.46,19.32,19.44,1847297.0
2016-08-17,19.44,19.66,19.27,19.4,3434854.0
2016-08-16,19.26,19.535,19.11,19.5,4075272.0
2016-08-15,19.0,19.36,18.99,19.28,3675387.0
2016-08-12,18.77,19.08,18.75,18.97,3427824.0
2016-08-11,18.69,19.05,18.65,18.88,2867905.0
2016-08-10,18.66,18.845,18.54,18.65,2560611.0
2016-08-09,18.64,18.73,18.34,18.66,2909681.0
2016-08-08,18.77,18.95,18.59,18.61,2997925.0
2016-08-05,18.54,18.67,18.43,18.65,2750186.0
2016-08-04,18.02,18.33,17.94,18.3,3169446.0
2016-08-03,17.61,18.0,17.59,18.0,2430956.0
2016-08-02,17.7,17.86,17.46,17.65,3164320.0
2016-08-01,18.07,18.09,17.63,17.64,2563987.0
2016-07-29,17.85,18.07,17.77,18.04,3711369.0
2016-07-28,17.48,17.9,17.24,17.88,4143797.0
2016-07-27,18.01,18.05,17.46,17.67,4954003.0
2016-07-26,17.16,18.21,17.13,17.85,6443678.0
2016-07-25,17.22,17.71,17.0801,17.63,3546350.0
2016-07-22,17.51,17.65,17.35,17.43,3417311.0
2016-07-21,17.46,17.59,17.4,17.52,2100035.0
2016-07-20,17.41,17.55,17.2,17.41,1876051.0
2016-07-19,17.53,17.56,17.3,17.37,1778445.0
2016-07-18,17.37,17.5,17.26,17.47,1398268.0
2016-07-15,17.31,17.4,17.04,17.28,1669272.0
2016-07-14,17.39,17.47,17.08,17.18,2534226.0
2016-07-13,17.2,17.235,16.85,17.12,1974691.0
2016-07-12,16.95,17.22,16.95,17.17,2723177.0
2016-07-11,16.75,17.085,16.58,16.74,2981444.0
2016-07-08,16.16,16.75,16.08,16.63,5631738.0
2016-07-07,15.76,16.19,15.76,15.91,4556842.0
2016-07-06,15.65,15.85,15.3699,15.73,2982553.0
2016-07-05,16.55,16.55,15.54,15.77,5341534.0
2016-07-01,17.05,17.24,16.69,16.7,3300901.0
2016-06-30,16.52,17.105,16.21,17.07,12997005.0
2016-06-29,15.36,15.95,15.27,15.94,5156351.0
2016-06-28,15.21,15.37,14.89,15.28,5868993.0
2016-06-27,15.63,15.63,14.84,14.9,9749835.0
2016-06-24,15.79,16.31,15.7601,15.83,6414129.0
2016-06-23,16.42,16.82,16.375,16.82,3132711.0
2016-06-22,16.31,16.4,16.16,16.26,1873376.0
2016-06-21,16.63,16.67,16.1,16.36,3341323.0
2016-06-20,16.68,16.945,16.55,16.63,3458735.0
2016-06-17,16.46,16.71,16.32,16.38,4593026.0
2016-06-16,16.33,16.44,15.96,16.41,4310255.0
2016-06-15,16.1,16.74,15.92,16.41,9171617.0
2016-06-14,16.93,17.12,15.88,16.08,7950802.0
2016-06-13,17.45,17.45,16.96,17.03,4252842.0
2016-06-10,17.6,17.8,17.49,17.54,2911607.0
2016-06-09,17.96,17.97,17.535,17.82,2933129.0
2016-06-08,18.28,18.29,17.78,18.13,3885746.0
2016-06-07,18.18,18.475,18.09,18.26,3244862.0
2016-06-06,17.82,18.18,17.75,18.14,3619817.0
2016-06-03,18.27,18.27,17.39,17.69,4596710.0
2016-06-02,18.04,18.57,18.0,18.51,4384481.0
2016-06-01,17.76,18.25,17.68,18.18,3922409.0
2016-05-31,17.82,17.99,17.76,17.94,3521714.0
2016-05-27,17.73,17.91,17.64,17.78,2261984.0
2016-05-26,17.56,18.0,17.5,17.71,4194621.0
2016-05-25,17.2,17.56,17.16,17.51,5109138.0
2016-05-24,16.72,17.11,16.52,17.09,2628964.0
2016-05-23,16.69,16.83,16.56,16.63,2578906.0
2016-05-20,16.68,16.9,16.58,16.74,1860873.0
2016-05-19,16.8,17.03,16.52,16.67,2530765.0
2016-05-18,16.85,17.25,16.775,16.91,3622045.0
2016-05-17,16.8,17.19,16.75,16.9,3148047.0
2016-05-16,16.8,17.015,16.76,16.8,4328820.0
2016-05-13,16.86,17.08,16.735,16.74,2427696.0
2016-05-12,17.14,17.215,16.745,16.85,3602436.0
2016-05-11,17.12,17.25,16.85,17.02,3679868.0
2016-05-10,17.06,17.32,16.96,17.31,2958506.0
2016-05-09,17.08,17.26,16.92,17.0,4206484.0
2016-05-06,16.84,17.2,16.84,17.16,2799462.0
2016-05-05,17.06,17.22,16.82,16.97,3760562.0
2016-05-04,17.0,17.205,16.53,16.91,6603160.0
2016-05-03,17.46,17.47,17.03,17.08,10846968.0
2016-05-02,17.89,18.03,17.66,17.81,2552278.0
2016-04-29,17.82,17.92,17.66,17.81,3542993.0
2016-04-28,17.77,18.07,17.65,17.79,5669681.0
2016-04-27,18.32,18.38,17.75,17.86,5595413.0
2016-04-26,18.32,18.74,18.03,18.47,4247315.0
2016-04-25,18.34,18.57,18.16,18.48,3028409.0
2016-04-22,18.26,18.57,18.13,18.51,3255148.0
2016-04-21,18.42,18.66,18.24,18.29,2407701.0
2016-04-20,18.02,18.405,17.97,18.35,2989979.0
2016-04-19,17.65,17.99,17.61,17.99,3232447.0
2016-04-18,17.37,17.69,17.3,17.64,1770640.0
2016-04-15,17.52,17.75,17.43,17.51,2359996.0
2016-04-14,17.65,17.8,17.415,17.5,2056842.0
2016-04-13,17.27,17.89,17.21,17.74,2732400.0
2016-04-12,17.18,17.27,16.98,17.21,3872636.0
2016-04-11,17.11,17.6,17.05,17.2,3571966.0
2016-04-08,17.2,17.28,16.93,16.96,4081148.0
2016-04-07,17.36,17.62,17.24,17.32,5133533.0
2016-04-06,17.48,17.71,17.26,17.44,4047143.0
2016-04-05,18.07,18.12,17.5,17.5,4071856.0
2016-04-04,18.62,18.64,17.98,18.19,2424295.0
2016-04-01,18.57,18.76,18.31,18.66,1779169.0
2016-03-31,18.24,18.75,18.18,18.72,5317127.0
2016-03-30,18.2,18.335,18.063,18.23,2086909.0
2016-03-29,18.1,18.19,17.85,18.08,3556044.0
2016-03-28,18.35,18.37,18.15,18.21,1849376.0
2016-03-24,17.99,18.37,17.99,18.34,1425727.0
2016-03-23,18.34,18.56,17.925,18.16,2952147.0
2016-03-22,18.44,18.85,18.3,18.37,3116564.0
2016-03-21,18.44,18.7,18.34,18.52,1840929.0
2016-03-18,18.41,18.71,18.24,18.48,4215377.0
2016-03-17,17.81,18.5699,17.75,18.3,3681820.0
2016-03-16,17.57,17.88,17.2,17.79,4346066.0
2016-03-15,17.95,17.97,17.51,17.72,4283052.0
2016-03-14,18.26,18.47,17.9,18.12,2498304.0
2016-03-11,18.22,18.98,18.2,18.26,4780776.0
2016-03-10,18.09,18.25,17.565,18.0,3436882.0
2016-03-09,18.1,18.255,17.57,18.0,5192859.0
2016-03-08,18.76,18.76,17.98,17.99,4471060.0
2016-03-07,18.57,18.89,18.44,18.88,3854368.0
2016-03-04,18.66,18.85,18.442,18.66,3534952.0
2016-03-03,18.12,18.58,17.98,18.56,4307935.0
2016-03-02,17.9,18.11,17.79,18.11,3794316.0
2016-03-01,17.66,17.89,17.44,17.87,2220478.0
2016-02-29,17.59,17.85,17.37,17.58,4078123.0
2016-02-26,17.49,17.79,17.3,17.56,3248243.0
2016-02-25,17.25,17.5,16.99,17.37,2375910.0
2016-02-24,16.93,17.28,16.45,17.18,3501450.0
2016-02-23,17.48,17.72,17.02,17.11,2398680.0
2016-02-22,17.1,17.57,17.1,17.54,3092449.0
2016-02-19,16.99,17.07,16.58,16.9,2561137.0
2016-02-18,17.09,17.31,16.64,17.16,4215166.0
2016-02-17,17.17,17.44,17.0,17.07,7234518.0
2016-02-16,16.57,17.07,16.435,17.01,3612452.0
2016-02-12,16.15,16.36,15.91,16.34,5802282.0
2016-02-11,15.87,16.27,15.54,15.9,6588279.0
2016-02-10,16.29,17.089,16.15,16.75,6296523.0
2016-02-09,16.27,16.56,15.87,16.2,7552635.0
2016-02-08,16.79,16.815,16.3,16.45,7336054.0
2016-02-05,17.08,17.265,16.75,17.01,4849309.0
2016-02-04,17.03,17.57,16.84,17.17,6358085.0
2016-02-03,16.12,17.2,15.86,17.08,8840963.0
2016-02-02,16.18,16.67,15.57,16.09,9630432.0
2016-02-01,15.83,16.17,15.505,16.05,5888397.0
2016-01-29,15.43,15.85,15.36,15.85,4195590.0
2016-01-28,16.03,16.15,14.95,15.35,9033615.0
2016-01-27,15.54,16.18,15.29,15.92,7609129.0
2016-01-26,15.4,15.65,15.35,15.65,2249675.0
2016-01-25,15.58,15.64,15.285,15.33,4519592.0
2016-01-22,16.09,16.32,15.49,15.73,5216040.0
2016-01-21,15.66,15.95,15.64,15.77,4312827.0
2016-01-20,15.37,15.8,14.55,15.68,6695264.0
2016-01-19,16.17,16.18,15.5,15.69,4613795.0
2016-01-15,15.82,16.07,15.6,15.99,6607777.0
2016-01-14,15.93,16.38,15.65,16.32,4407026.0
2016-01-13,16.55,16.87,15.73,15.9,8385092.0
2016-01-12,16.94,17.07,15.96,16.28,6724091.0
2016-01-11,16.91,16.995,16.58,16.8,4829473.0
2016-01-08,17.53,17.6,16.8,16.88,5316053.0
2016-01-07,18.02,18.1,17.34,17.41,6885632.0
2016-01-06,18.32,18.54,18.2,18.32,5998336.0
2016-01-05,18.68,18.99,18.34,18.62,5501334.0
2016-01-04,18.36,18.74,18.33,18.65,3573513.0
2015-12-31,18.59,18.87,18.565,18.64,2333681.0
2015-12-30,18.79,18.935,18.6,18.64,1648210.0
2015-12-29,18.84,19.03,18.775,18.86,2191030.0
2015-12-28,19.15,19.23,18.47,18.74,4429958.0
2015-12-24,19.23,19.3,19.12,19.25,656949.0
2015-12-23,18.69,19.25,18.56,19.23,3253129.0
2015-12-22,18.38,18.73,18.28,18.6,2293591.0
2015-12-21,18.62,18.97,18.28,18.33,2521279.0
2015-12-18,18.43,18.595,18.32,18.4,5218401.0
2015-12-17,18.61,18.625,18.28,18.43,6777713.0
2015-12-16,18.69,18.79,18.37,18.56,4362803.0
2015-12-15,18.56,18.8,18.37,18.63,6125414.0
2015-12-14,19.23,19.28,18.19,18.47,6166470.0
2015-12-11,19.5,19.58,19.01,19.23,7932905.0
2015-12-10,20.01,20.01,19.57,19.68,3504884.0
2015-12-09,19.65,19.97,19.61,19.69,4010544.0
2015-12-08,19.49,20.08,19.29,19.67,4629155.0
2015-12-07,19.73,19.88,19.62,19.69,4526594.0
2015-12-04,19.97,19.99,19.72,19.82,4351788.0
2015-12-03,19.96,20.06,19.72,19.98,4514465.0
2015-12-02,20.14,20.2,19.735,19.84,3751235.0
2015-12-01,20.08,20.34,19.86,20.17,3012797.0
2015-11-30,19.73,20.05,19.7,19.96,3102752.0
2015-11-27,19.96,19.96,19.67,19.76,962879.0
2015-11-25,19.82,20.08,19.74,20.02,1530915.0
2015-11-24,19.8,19.99,19.7,19.8,3204597.0
2015-11-23,20.02,20.11,19.8,19.87,6336829.0
2015-11-20,19.42,20.1,19.42,20.07,6364644.0
2015-11-19,19.6,19.91,19.13,19.36,3944134.0
2015-11-18,19.64,20.03,19.1,19.59,5383447.0
2015-11-17,20.28,20.68,19.56,19.59,4871359.0
2015-11-16,19.97,20.29,19.88,20.27,3217118.0
2015-11-13,20.18,20.44,20.0,20.0,3608256.0
2015-11-12,20.16,20.605,19.94,20.27,9717462.0
2015-11-11,19.94,20.18,19.74,19.8,3204956.0
2015-11-10,19.73,19.93,19.54,19.91,3657340.0
2015-11-09,20.06,20.16,19.59,19.8,3906591.0
2015-11-06,20.0,20.14,19.91,20.1,3488418.0
2015-11-05,20.34,20.48,19.69,19.89,4266863.0
2015-11-04,20.3,20.67,20.2,20.38,5511618.0
2015-11-03,19.86,20.37,19.84,20.25,4609831.0
2015-11-02,19.9,20.09,19.7,19.95,3569982.0
2015-10-30,19.89,20.09,19.5,19.92,6673077.0
2015-10-29,20.61,21.03,19.37,19.85,9122513.0
2015-10-28,19.94,20.73,19.86,20.7,5846617.0
2015-10-27,20.24,20.29,19.79,19.94,3499521.0
2015-10-26,19.99,20.38,19.9,20.32,2333443.0
2015-10-23,20.1,20.23,19.705,19.99,5808919.0
2015-10-22,20.29,20.54,19.86,19.93,2784638.0
2015-10-21,20.37,20.52,20.1,20.21,1549204.0
2015-10-20,20.28,20.49,20.19,20.3,2044758.0
2015-10-19,20.42,20.65,20.23,20.29,3267118.0
2015-10-16,20.75,20.86,20.435,20.5,5472951.0
2015-10-15,20.63,20.69,20.38,20.69,2076072.0
2015-10-14,20.62,20.9,20.49,20.54,2214268.0
2015-10-13,20.4,20.7,20.24,20.63,2909590.0
2015-10-12,20.7,20.74,20.395,20.5,1620258.0
2015-10-09,21.03,21.21,20.51,20.67,2559562.0
2015-10-08,20.78,21.1,20.67,21.02,3765097.0
2015-10-07,20.69,20.86,20.5,20.8,3108623.0
2015-10-06,20.48,20.7799,20.38,20.63,4188245.0
2015-10-05,20.41,20.69,20.36,20.46,2832843.0
2015-10-02,19.86,20.3,19.58,20.29,2828158.0
2015-10-01,20.41,20.75,20.24,20.3,3590044.0
2015-09-30,20.08,20.39,19.88,20.38,3288251.0
2015-09-29,20.07,20.24,19.77,19.93,2777338.0
2015-09-28,20.65,20.8,19.99,20.05,3573009.0
2015-09-25,21.02,21.09,20.68,20.78,2724098.0
2015-09-24,20.79,20.85,20.47,20.78,1872425.0
2015-09-23,20.84,20.95,20.7,20.9,1837067.0
2015-09-22,21.11,21.12,20.69,20.86,2305986.0
2015-09-21,21.2,21.55,21.15,21.36,2594420.0
2015-09-18,21.24,21.32,20.99,21.08,4421158.0
2015-09-17,21.38,21.745,21.26,21.44,3794876.0
2015-09-16,21.34,21.48,21.23,21.4,3034348.0
2015-09-15,20.93,21.1199,20.83,21.05,2768320.0
2015-09-14,20.86,20.95,20.73,20.85,1668542.0
2015-09-11,20.94,21.06,20.74,20.87,1352597.0
2015-09-10,21.0,21.169,20.8427,21.01,2491523.0
2015-09-09,21.2,21.42,20.98,21.03,2853945.0
2015-09-08,20.92,21.13,20.62,20.96,3178289.0
2015-09-04,20.97,21.05,20.47,20.58,2467069.0
2015-09-03,21.19,21.42,20.99,21.19,2277614.0
2015-09-02,21.03,21.15,20.521,21.08,3607560.0
2015-09-01,21.58,21.66,20.76,20.92,4383432.0
2015-08-31,21.91,22.03,21.67,21.86,2697211.0
2015-08-28,21.7,22.0,21.604,21.94,2598559.0
2015-08-27,21.33,21.98,21.27,21.79,3601437.0
2015-08-26,21.12,21.17,20.62,21.08,4220508.0
2015-08-25,21.47,21.47,20.71,20.79,5600034.0
2015-08-24,20.66,21.25,19.84,20.84,8023191.0
2015-08-21,21.18,21.64,21.152,21.39,4697964.0
2015-08-20,21.58,21.795,21.4,21.45,2974311.0
2015-08-19,21.7,21.89,21.22,21.81,2210878.0
2015-08-18,21.76,21.978,21.61,21.74,1617983.0
2015-08-17,21.74,21.978,21.63,21.8,2448279.0
2015-08-14,21.7,21.7825,21.422,21.71,2121358.0
2015-08-13,21.82,22.0,21.67,21.7,1840849.0
2015-08-12,21.74,21.91,21.52,21.81,3430340.0
2015-08-11,22.4,22.44,21.88,21.92,2511881.0
2015-08-10,22.1,22.8,22.1,22.64,2625565.0
2015-08-07,22.14,22.21,21.64,21.98,3882179.0
2015-08-06,22.49,22.63,22.11,22.19,2640851.0
2015-08-05,23.18,23.22,22.32,22.35,3817567.0
2015-08-04,23.06,23.24,22.82,22.98,3849724.0
2015-08-03,22.77,23.0,22.56,22.86,4639215.0
2015-07-31,22.98,23.01,22.7,22.77,3597145.0
2015-07-30,22.9,23.1,22.74,22.99,3083621.0
2015-07-29,22.64,23.17,22.54,22.98,7079685.0
2015-07-28,21.8,22.6825,21.8,22.47,9797982.0
2015-07-27,21.67,21.84,21.37,21.55,3762975.0
2015-07-24,22.14,22.37,21.85,21.85,2658178.0
2015-07-23,22.67,22.83,22.29,22.38,1906287.0
2015-07-22,22.4,22.81,22.32,22.67,3479186.0
2015-07-21,22.32,22.625,22.32,22.5,1464536.0
2015-07-20,22.47,22.58,22.275,22.39,2357620.0
2015-07-17,22.42,22.47,22.27,22.42,1723823.0
2015-07-16,22.56,22.73,22.28,22.4,2442720.0
2015-07-15,22.53,22.68,22.3,22.44,2538025.0
2015-07-14,22.42,22.6599,22.41,22.5,2139591.0
2015-07-13,22.29,22.5,22.18,22.45,6460718.0
2015-07-10,22.1,22.33,21.92,22.18,4538760.0
2015-07-09,22.32,22.35,21.88,21.88,5098583.0
2015-07-08,22.48,22.6,21.9,22.06,4543584.0
2015-07-07,22.49,22.75,22.12,22.72,4533890.0
2015-07-06,22.51,22.55,22.3,22.46,3243470.0
2015-07-02,22.87,22.96,22.66,22.73,2415850.0
2015-07-01,22.61,22.93,22.5,22.88,5959536.0
2015-06-30,22.74,22.79,22.38,22.43,4791998.0
2015-06-29,23.1,23.12,22.43,22.51,4983157.0
2015-06-26,23.55,23.65,23.28,23.34,15426006.0
2015-06-25,23.48,23.53,23.24,23.49,3382044.0
2015-06-24,23.55,23.795,23.45,23.45,3333641.0
2015-06-23,23.71,23.83,23.51,23.58,3676223.0
2015-06-22,23.51,23.7,23.46,23.66,2484785.0
2015-06-19,23.29,23.48,23.15,23.44,3636611.0
2015-06-18,23.18,23.45,23.08,23.3,2566536.0
2015-06-17,23.03,23.2985,22.92,23.18,4257528.0
2015-06-16,23.11,23.25,22.775,23.02,4385238.0
2015-06-15,22.73,22.955,22.54,22.85,3178668.0
2015-06-12,22.82,22.89,22.72,22.81,1858646.0
2015-06-11,22.74,22.98,22.715,22.85,3680502.0
2015-06-10,22.73,22.77,22.54,22.73,3837791.0
2015-06-09,22.38,22.76,22.17,22.61,5386073.0
2015-06-08,22.71,22.8,22.47,22.56,3936434.0
2015-06-05,22.56,22.72,22.42,22.72,1608388.0
2015-06-04,22.51,22.61,22.36,22.52,2237347.0
2015-06-03,22.64,22.94,22.62,22.68,2927948.0
2015-06-02,22.71,22.88,22.5,22.63,2395777.0
2015-06-01,22.68,22.845,22.52,22.76,2392025.0
2015-05-29,22.82,22.9,22.62,22.67,4074847.0
2015-05-28,22.61,22.78,22.45,22.75,3018895.0
2015-05-27,22.49,22.84,22.44,22.68,3017644.0
2015-05-26,22.51,22.59,22.28,22.46,3391849.0
2015-05-22,22.72,22.75,22.49,22.63,3422574.0
2015-05-21,22.65,22.83,22.5,22.68,3060768.0
2015-05-20,22.3,22.72,22.16,22.62,3835280.0
2015-05-19,22.34,22.6,22.12,22.25,3880659.0
2015-05-18,21.93,22.41,21.82,22.34,1904054.0
2015-05-15,22.04,22.16,21.76,21.98,2731982.0
2015-05-14,22.33,22.39,21.95,22.05,2493960.0
2015-05-13,22.38,22.38,22.06,22.17,2215055.0
2015-05-12,22.45,22.6,22.24,22.3,2259278.0
2015-05-11,22.65,22.86,22.44,22.57,2631236.0
2015-05-08,22.64,22.89,22.55,22.77,3838683.0
2015-05-07,22.28,22.735,22.18,22.55,6239794.0
2015-05-06,22.1,22.35,21.83,22.29,4552925.0
2015-05-05,22.15,22.35,21.84,21.98,3374825.0
2015-05-04,22.05,22.4,22.0,22.2,3976781.0
2015-05-01,21.88,22.17,21.8,22.0,3980737.0
2015-04-30,21.48,21.91,21.37,21.89,3586750.0
2015-04-29,21.2,21.62,20.99,21.56,4209386.0
2015-04-28,20.81,21.41,20.7,21.27,10092687.0
2015-04-27,20.0,20.32,19.9,20.31,5734338.0
2015-04-24,20.48,20.63,19.94,19.95,4809017.0
2015-04-23,20.53,20.69,20.33,20.39,3797678.0
2015-04-22,20.65,20.7,20.25,20.49,5357435.0
2015-04-21,20.67,20.74,20.41,20.55,2039998.0
2015-04-20,20.78,20.85,20.449,20.65,2756007.0
2015-04-17,20.98,21.06,20.69,20.73,2245730.0
2015-04-16,21.21,21.226,20.91,21.09,2371571.0
2015-04-15,20.88,21.31,20.87,21.22,2193027.0
2015-04-14,20.81,20.99,20.6,20.86,5550082.0
2015-04-13,20.62,20.92,20.48,20.85,1504774.0
2015-04-10,20.44,20.82,20.37,20.75,1807318.0
2015-04-09,20.44,20.5,20.33,20.39,2444542.0
2015-04-08,20.65,20.65,20.31,20.44,4226506.0
2015-04-07,20.6,20.77,20.49,20.55,4956273.0
2015-04-06,20.48,20.63,20.33,20.5,3896115.0
2015-04-02,20.66,21.0,20.53,20.57,5306612.0
2015-04-01,21.0,21.14,20.52,20.65,8028279.0
2015-03-31,20.5,21.01,20.41,20.98,3401038.0
2015-03-30,20.63,20.91,20.59,20.67,1933710.0
2015-03-27,20.64,20.7,20.42,20.56,1635559.0
2015-03-26,20.94,21.0,20.554,20.66,2796280.0
2015-03-25,20.95,21.32,20.81,20.88,3562250.0
2015-03-24,21.16,21.35,20.84,20.98,2772489.0
2015-03-23,21.13,21.54,21.12,21.2,1957811.0
2015-03-20,21.43,21.555,21.23,21.23,6989869.0
2015-03-19,21.13,21.45,20.88,21.34,3226777.0
2015-03-18,21.14,21.48,20.62,21.15,4335485.0
2015-03-17,21.06,21.31,20.9,21.06,3373370.0
2015-03-16,21.1,21.18,20.845,21.07,2575689.0
2015-03-13,21.23,21.5,20.92,21.03,2313157.0
2015-03-12,21.92,21.99,21.07,21.18,5938681.0
2015-03-11,20.8,20.96,20.66,20.83,1871453.0
2015-03-10,20.98,21.08,20.47,20.75,2469067.0
2015-03-09,21.15,21.25,20.96,21.23,1399724.0
2015-03-06,20.79,21.39,20.68,21.08,2650566.0
2015-03-05,20.87,21.02,20.56,20.88,3643918.0
2015-03-04,20.87,21.1,20.79,20.87,3617840.0
2015-03-03,20.08,21.07,20.03,21.01,5586202.0
2015-03-02,20.7,20.7,20.0,20.17,5878492.0
2015-02-27,21.06,21.1249,20.72,20.78,3010680.0
2015-02-26,21.2,21.27,20.89,20.96,3533620.0
2015-02-25,21.18,21.51,21.18,21.26,1968153.0
2015-02-24,21.34,21.49,21.1,21.22,3558909.0
2015-02-23,21.69,21.8,21.06,21.29,5251456.0
2015-02-20,21.51,21.89,21.42,21.82,3204430.0
2015-02-19,21.42,21.97,21.38,21.82,1676567.0
2015-02-18,21.75,21.8,21.42,21.53,4810669.0
2015-02-17,22.0,22.04,21.76,21.83,4234627.0
2015-02-13,22.11,22.28,21.81,22.05,5528118.0
2015-02-12,21.56,21.93,21.31,21.84,7015008.0
2015-02-11,20.45,21.13,20.42,21.11,8954122.0
2015-02-10,19.96,20.515,19.81,20.47,5780260.0
2015-02-09,19.45,20.02,19.365,19.95,4818668.0
2015-02-06,20.12,20.2,19.57,19.66,6226074.0
2015-02-05,20.6,20.96,19.95,20.01,5577575.0
2015-02-04,19.61,19.925,19.5,19.73,3387859.0
2015-02-03,19.0,19.66,18.92,19.62,4872864.0
2015-02-02,18.81,19.1,18.71,19.08,3972353.0
2015-01-30,19.41,19.41,18.63,18.71,8080502.0
2015-01-29,20.3,20.63,19.27,19.58,10951330.0
2015-01-28,20.9,20.9,19.98,20.01,6811704.0
2015-01-27,20.58,20.8398,20.4,20.68,2826997.0
2015-01-26,20.45,20.78,20.3,20.78,2789885.0
2015-01-23,20.54,20.69,20.34,20.46,2205389.0
2015-01-22,20.22,20.76,20.0,20.63,3202411.0
2015-01-21,20.16,20.27,19.89,20.14,6214567.0
2015-01-20,20.51,20.51,20.055,20.22,5679627.0
2015-01-16,20.31,20.62,20.0,20.4,6570524.0
2015-01-15,21.07,21.49,20.36,20.36,5583324.0
2015-01-14,21.35,21.41,20.68,21.02,10498564.0
2015-01-13,22.88,22.9,20.91,21.66,14273402.0
2015-01-12,23.6,23.6,22.44,22.57,8311305.0
2015-01-09,24.0,24.0,23.03,23.88,15101624.0
2015-01-08,23.33,23.67,23.15,23.52,7923080.0
2015-01-07,23.28,23.46,22.955,23.08,5952609.0
2015-01-06,23.52,23.65,22.62,23.06,6904298.0
2015-01-05,23.46,23.66,23.2,23.45,4286353.0
2015-01-02,23.76,23.88,23.45,23.65,2021190.0
2014-12-31,23.86,23.91,23.61,23.62,2298943.0
2014-12-30,23.84,23.98,23.71,23.77,1989904.0
2014-12-29,24.0,24.1,23.72,23.9,1859950.0
2014-12-26,23.89,24.07,23.84,23.99,1348510.0
2014-12-24,23.83,24.05,23.71,23.87,1417616.0
2014-12-23,23.75,24.14,23.54,23.89,4282376.0
2014-12-22,23.28,23.73,23.14,23.62,7176680.0
2014-12-19,23.89,23.91,23.2,23.26,37140466.0
2014-12-18,22.6,23.02,22.32,22.75,3902705.0
2014-12-17,21.68,22.25,21.65,22.16,2952143.0
2014-12-16,21.6,22.26,21.47,21.64,3380503.0
2014-12-15,22.27,22.3,21.43,21.63,4570267.0
2014-12-12,22.47,22.61,21.68,22.19,3744888.0
2014-12-11,22.91,23.65,22.47,22.64,3147435.0
2014-12-10,23.26,23.34,22.46,22.84,3825250.0
2014-12-09,23.0,23.68,23.0,23.3,2796488.0
2014-12-08,23.13,23.59,22.98,23.11,2338342.0
2014-12-05,22.9,23.47,22.9,23.08,2688394.0
2014-12-04,22.69,22.94,22.62,22.84,2222418.0
2014-12-03,22.91,23.0404,22.68,22.7,3368427.0
2014-12-02,23.19,23.31,22.85,22.91,2097165.0
2014-12-01,23.61,23.86,23.1,23.2,1955187.0
2014-11-28,23.63,23.79,23.43,23.78,809512.0
2014-11-26,23.89,23.98,23.61,23.64,1417825.0
2014-11-25,23.68,23.96,23.58,23.96,4080130.0
2014-11-24,23.47,23.72,23.21,23.64,3249984.0
2014-11-21,23.72,23.81,23.43,23.46,2206594.0
2014-11-20,23.37,23.63,23.23,23.42,1620892.0
2014-11-19,23.6,23.65,23.23,23.4,1886248.0
2014-11-18,23.48,23.78,23.43,23.61,2075737.0
2014-11-17,23.36,23.62,23.36,23.47,3307826.0
2014-11-14,23.25,23.64,23.16,23.46,3411057.0
2014-11-13,23.08,23.43,22.9,23.2,3611043.0
2014-11-12,22.78,23.13,22.6,23.09,2984201.0
2014-11-11,22.74,22.92,22.59,22.83,2386087.0
2014-11-10,22.71,22.99,22.6,22.78,2038840.0
2014-11-07,22.42,22.775,22.42,22.69,2183998.0
2014-11-06,22.39,22.58,22.24,22.44,2500992.0
2014-11-05,22.23,22.45,21.99,22.43,3539224.0
2014-11-04,21.77,22.26,21.61,22.14,6100690.0
2014-11-03,22.68,22.7,22.12,22.3,3042293.0
2014-10-31,22.66,22.95,22.64,22.7,3602773.0
2014-10-30,23.0,23.05,22.43,22.8,3646438.0
2014-10-29,23.25,23.25,22.18,22.82,4934924.0
2014-10-28,21.97,22.315,21.83,22.21,4169116.0
2014-10-27,21.68,21.93,21.67,21.79,1737999.0
2014-10-24,21.75,21.82,21.64,21.69,1548736.0
2014-10-23,21.79,22.03,21.62,21.66,2500468.0
2014-10-22,22.18,22.26,21.49,21.51,2450846.0
2014-10-21,21.75,22.42,21.7401,22.12,3731220.0
2014-10-20,21.6,21.72,21.22,21.53,1956671.0
2014-10-17,21.26,22.08,21.22,21.61,4049864.0
2014-10-16,20.3,21.38,20.11,21.05,4362970.0
2014-10-15,19.9,21.01,19.42,20.56,11710220.0
2014-10-14,20.24,20.54,19.84,20.21,13061741.0
2014-10-13,20.96,21.01,20.06,20.12,8180167.0
2014-10-10,21.2,21.2,20.61,20.87,9902816.0
2014-10-09,22.1,22.15,21.2,21.23,4877214.0
2014-10-08,21.91,22.135,21.68,22.1,4706148.0
2014-10-07,22.6,22.77,21.87,21.95,5638479.0
2014-10-06,22.84,23.0,22.59,22.62,3803939.0
2014-10-03,22.43,22.82,22.35,22.75,7572211.0
2014-10-02,22.64,22.64,21.78,22.35,13834514.0
2014-10-01,23.08,23.15,22.49,22.66,4635824.0
2014-09-30,23.4,23.4,23.11,23.14,1884748.0
2014-09-29,23.41,23.58,23.11,23.43,2372652.0
2014-09-26,23.24,23.58,23.2,23.52,2266964.0
2014-09-25,23.57,23.57,23.06,23.18,1613496.0
2014-09-24,23.45,23.74,23.24,23.62,2485788.0
2014-09-23,23.7,23.7,23.4,23.4,2009431.0
2014-09-22,24.08,24.08,23.48,23.74,2008309.0
2014-09-19,23.78,24.08,23.66,23.66,5716092.0
2014-09-18,24.01,24.075,23.61,23.65,2611814.0
2014-09-17,24.3,24.3,23.85,23.92,1638119.0
2014-09-16,23.99,24.155,23.76,23.96,2379543.0
2014-09-15,24.4,24.41,23.855,24.04,2225382.0
2014-09-12,24.68,24.7,24.17,24.46,2376409.0
2014-09-11,24.42,24.69,24.315,24.66,1942279.0
2014-09-10,24.7,24.79,24.245,24.42,2799861.0
2014-09-09,24.86,24.94,24.56,24.71,3698270.0
2014-09-08,24.89,24.99,24.82,24.82,3756465.0
2014-09-05,24.86,25.0,24.8,24.95,2809022.0
2014-09-04,24.92,24.97,24.67,24.85,3229976.0
2014-09-03,25.0,25.0,24.61,24.85,3793008.0
2014-09-02,24.81,25.01,24.81,24.93,5005858.0
2014-08-29,24.95,25.0,24.6,24.6,11425613.0
2014-08-28,24.88,24.96,24.74,24.85,3394008.0
2014-08-27,24.9,25.0,24.88,24.95,3056951.0
2014-08-26,24.77,24.99,24.7,24.88,3113084.0
2014-08-25,24.73,24.89,24.7,24.72,1938685.0
2014-08-22,24.81,24.99,24.65,24.75,5554328.0
2014-08-21,24.65,24.98,24.58,24.83,7358479.0
2014-08-20,24.69,24.75,24.25,24.6,6563242.0
2014-08-19,24.65,24.81,24.48,24.64,6859880.0
2014-08-18,24.47,24.59,24.25,24.46,4835798.0
2014-08-15,24.49,24.52,23.71,24.15,4944652.0
2014-08-14,23.5,24.24,23.34,24.21,9960041.0
2014-08-13,23.04,23.51,22.96,23.45,2112174.0
2014-08-12,23.26,23.26,22.8,22.99,1169148.0
2014-08-11,23.06,23.145,22.94,22.97,1072716.0
2014-08-08,22.87,23.05,22.85,22.95,1703439.0
2014-08-07,22.9,23.05,22.73,22.82,1995977.0
2014-08-06,22.56,22.99,22.51,22.86,1318713.0
2014-08-05,22.92,22.93,22.425,22.6,2642998.0
2014-08-04,22.96,23.24,22.8,22.97,1853809.0
2014-08-01,22.91,23.12,22.86,22.9,1320223.0
2014-07-31,22.97,23.14,22.92,22.96,1723403.0
2014-07-30,23.65,23.79,23.0,23.06,4005836.0
2014-07-29,24.4,24.52,23.54,23.56,4819920.0
2014-07-28,23.97,24.12,23.97,24.02,2367345.0
2014-07-25,24.0,24.08,23.92,24.01,715603.0
2014-07-24,23.87,24.1,23.87,23.99,1156245.0
2014-07-23,23.88,24.02,23.75,23.91,891927.0
2014-07-22,23.95,24.15,23.85,23.87,824285.0
2014-07-21,23.89,24.0,23.72,23.9,699331.0
2014-07-18,23.49,24.0,23.45,23.95,1282234.0
2014-07-17,23.51,23.77,23.41,23.44,1499695.0
2014-07-16,23.36,23.72,23.11,23.54,1675920.0
2014-07-15,23.33,23.43,23.09,23.25,2200195.0
2014-07-14,23.2,23.45,23.18,23.4,866005.0
2014-07-11,23.3,23.51,23.09,23.15,1515284.0
2014-07-10,23.32,23.42,23.12,23.3,1817537.0
2014-07-09,23.65,23.81,23.31,23.46,1549716.0
2014-07-08,23.85,23.85,23.5,23.65,1914167.0
2014-07-07,23.96,23.97,23.76,23.85,1456708.0
2014-07-03,24.0,24.04,23.82,24.03,1602489.0
2014-07-02,23.97,24.15,23.799,23.99,1684410.0
2014-07-01,24.18,24.25,23.8,23.93,2954454.0
2014-06-30,24.34,24.475,23.83,23.91,4091543.0
2014-06-27,24.71,24.87,24.19,24.19,16266214.0
2014-06-26,24.61,24.76,24.46,24.69,2451897.0
2014-06-25,24.53,24.77,24.26,24.68,3026171.0
2014-06-24,25.04,25.078,24.52,24.62,2261703.0
2014-06-23,24.85,25.13,24.76,25.03,4350911.0
2014-06-20,24.51,25.14,24.51,24.98,12261379.0
2014-06-19,24.7,24.77,24.49,24.62,2301493.0
2014-06-18,24.66,24.77,24.48,24.64,2138248.0
2014-06-17,24.66,24.98,24.36,24.68,3491410.0
2014-06-16,24.95,25.12,24.65,24.73,3770258.0
2014-06-13,24.92,25.05,24.59,24.96,2044827.0
2014-06-12,24.63,25.08,24.56,24.95,4192179.0
2014-06-11,24.5,24.8,24.13,24.63,3253619.0
2014-06-10,24.34,24.64,24.25,24.58,4052741.0
2014-06-09,23.62,24.545,23.62,24.44,5438686.0
2014-06-06,23.61,23.68,23.42,23.6,1258971.0
2014-06-05,23.24,23.65,23.24,23.51,2453384.0
2014-06-04,23.46,23.59,23.38,23.51,5377145.0
2014-06-03,23.58,23.7016,23.24,23.46,3768249.0
2014-06-02,23.53,23.75,23.45,23.52,3810332.0
2014-05-30,23.73,23.73,23.5,23.56,1363378.0
2014-05-29,23.74,23.98,23.63,23.68,1659163.0
2014-05-28,24.03,24.181,23.63,23.72,1504561.0
2014-05-27,24.1,24.29,24.01,24.05,1389042.0
2014-05-23,24.17,24.37,24.03,24.08,1649864.0
2014-05-22,24.43,24.43,24.16,24.24,867003.0
2014-05-21,24.16,24.38,24.16,24.3,803472.0
2014-05-20,24.38,24.6,24.11,24.24,1488161.0
2014-05-19,24.16,24.51,23.97,24.45,604507.0
2014-05-16,24.4,24.44,24.1,24.21,1032467.0
2014-05-15,24.71,24.92,24.08,24.3,2922934.0
2014-05-14,24.97,24.97,24.66,24.77,434260.0
2014-05-13,24.9,25.02,24.63,24.81,691898.0
2014-05-12,25.17,25.3,24.79,24.98,3096171.0
2014-05-09,25.12,25.24,24.83,25.19,2646012.0
2014-05-08,24.49,25.23,24.25,25.21,10454895.0
2014-05-07,24.18,24.46,24.03,24.43,6174203.0
2014-05-06,24.14,24.22,24.01,24.17,1797882.0
2014-05-05,23.95,24.15,23.9,24.15,1646573.0
2014-05-02,24.02,24.1,23.86,24.05,1523236.0
2014-05-01,24.43,24.55,23.98,24.01,5582431.0
2014-04-30,24.01,24.19,23.87,24.15,4240441.0
2014-04-29,24.04,24.17,23.98,24.0,6701256.0
2014-04-28,24.39,24.39,23.9,24.03,2493577.0
2014-04-25,24.33,24.5,24.13,24.39,1281840.0
2014-04-24,24.33,24.65,24.18,24.38,4254816.0
2014-04-23,24.24,24.33,24.05,24.28,1501907.0
2014-04-22,23.92,24.43,23.92,24.04,7177588.0
2014-04-21,23.88,24.04,23.85,23.98,1208196.0
2014-04-17,24.25,24.25,23.77,23.88,3196019.0
2014-04-16,23.93,24.23,23.91,24.14,5631447.0
2014-04-15,24.0,24.165,23.745,23.93,4745225.0
2014-04-14,24.43,24.58,23.8,24.05,5048825.0
2014-04-11,23.95,25.0,23.8,24.2,11331608.0
2014-04-10,24.25,24.79,23.76,23.98,31281593.0
